data_point_id,matrix_system,fumed_silica_wt_pct,temperature_c,yield_stress_pa,provenance_status,verification_level,settling_status_interpretation,literature_source
R972-PUB-001,Organic_Suspension,0.5,25.0,2.1,MEASURED_IN_EXTERNAL_SYSTEM,PUBLIC_DOMAIN_PRIOR,Static_yield_stress_onset_observed,US_Patent_20030198914
R972-PUB-002,Colloidal_Carrier_Fluid,6.0,25.0,122.0,MEASURED_IN_EXTERNAL_SYSTEM,PUBLIC_DOMAIN_PRIOR,High_yield_stress_gel_network,Kopylov_2011_Colloidal_Dispersions
R972-PUB-003,Colloidal_Carrier_Fluid,8.0,25.0,190.0,MEASURED_IN_EXTERNAL_SYSTEM,PUBLIC_DOMAIN_PRIOR,Rigid_thixotropic_network,Kopylov_2011_Colloidal_Dispersions
R972-PUB-004,Colloidal_Carrier_Fluid,10.0,25.0,365.0,MEASURED_IN_EXTERNAL_SYSTEM,PUBLIC_DOMAIN_PRIOR,Dense_particle_jamming,Kopylov_2011_Colloidal_Dispersions
R972-PUB-005,Colloidal_Carrier_Fluid,12.0,25.0,545.0,MEASURED_IN_EXTERNAL_SYSTEM,PUBLIC_DOMAIN_PRIOR,Solid_like_paste,Kopylov_2011_Colloidal_Dispersions
R972-LIT-001,Colloidal_Suspension,2.5,25.0,35.0,MEASURED_IN_EXTERNAL_SYSTEM,PUBLIC_DOMAIN_PRIOR,Shear_thinning_thixotropic_recovery,Addit_Manuf_2026_105298
R972-GS40-001,GS40_Silicone_Oil_Phase,2.0,25.0,28.5,DERIVED_ESTIMATE,PRE_PILOT_HYPOTHESIS,Theoretical_model_extrapolation,Power_law_fit_on_external_priors
R972-GS40-002,GS40_Molten_Slurry,2.0,80.0,8.6,DERIVED_ESTIMATE,PRE_PILOT_HYPOTHESIS,Hypothesis_unsupported_by_direct_measurement,Stokes_Bingham_theoretical_prediction
R972-GS40-EXP,GS40_Pilot_Batch_Slurry,2.0,80.0,None,PENDING_GS40_PILOT_VERIFICATION,GS40_PHYSICAL_MEASUREMENT,Verify_30min_hot_holding_ZnO_pellet_in_P001_P018,SOP_GS40_PILOT_001_SEDIMENTATION_LOG
