wax_code,wax_name,batch_id,g_star_max_pa_mean,g_star_max_pa_sd,t_gel_start_c_mean,t_gel_start_c_sd,t_gel_end_c_mean,t_gel_end_c_sd,gel_interval_c_mean,gel_interval_c_sd,cv_rigidity_pct,notes
CLX1,Candelilla Wax,Batch_1,652800.6,100519.4,41.38,0.58,48.40,1.15,7.02,1.00,15.4,Candelilla wax lot 1: high modulus narrow gelation
CLX2,Candelilla Wax,Batch_2,706832.4,179278.7,41.38,0.58,49.06,2.09,7.68,2.32,25.4,Candelilla wax lot 2: 8.3% higher modulus higher variance
BWX1,Beeswax,Batch_1,416509.7,18786.4,23.04,0.57,49.06,0.58,26.02,1.00,4.5,Beeswax lot 1: low batch variation
BWX2,Beeswax,Batch_2,121202.4,12174.8,11.11,0.57,45.39,0.58,34.28,0.57,10.0,Beeswax lot 2: dramatic 70% drop in modulus (quality defect)
BWX3,Beeswax,Batch_3,465006.3,25491.5,19.06,0.57,47.73,1.01,28.67,0.59,5.5,Beeswax lot 3: recovered modulus
CRX1,Carnauba Wax,Batch_1,636768.7,137337.0,31.70,2.00,57.77,2.01,26.07,2.00,21.6,High melting carnauba wax lot 1
CRX2,Carnauba Wax,Batch_2,518251.2,69169.8,30.03,2.09,55.09,7.26,25.06,5.22,13.3,Carnauba wax lot 2: 18.6% modulus reduction
RBX1,Rice Bran Wax,Batch_1,128333.4,36104.1,10.78,1.71,60.44,4.06,49.66,4.63,28.1,Rice bran wax lot 1: wide transition window
RBX3,Rice Bran Wax,Batch_3,466490.0,20810.5,29.37,0.58,65.14,0.58,35.77,0.58,4.5,Rice bran wax lot 3: 3.6x higher modulus than lot 1
