sample_id,Texapon SB 3 KC,Plantapon ACG 50,Plantapon LC 7,Plantacare 818,Plantacare 2000,Dehyton MC,Dehyton PK 45,Dehyton ML,Dehyton AB 30,Plantapon Amino SCG-L,Plantapon Amino KG-L,Dehyquart A-CA,Luviquat Excellence,Dehyquart CC6,Dehyquart CC7 Benz,Salcare Super 7,Arlypon F,Arlypon TT,Water,stability_pass,viscosity_class,rheology_type
1,6.52,0.0,0.0,0.0,0.0,0.0,0.0,8.63,0.0,0.0,0.0,0.0,0.98,0.0,0.0,0.0,0.0,3.35,80.52,0,NA,NA
2,7.7,0.0,0.0,0.0,0.0,0.0,0.0,8.55,0.0,0.0,0.0,0.0,1.88,0.0,0.0,0.0,0.0,4.0,77.87,0,NA,NA
3,12.23,0.0,0.0,0.0,0.0,0.0,0.0,10.13,0.0,0.0,0.0,0.0,1.0,0.0,0.0,0.0,0.0,2.62,74.02,0,NA,NA
4,12.2,0.0,0.0,0.0,0.0,0.0,0.0,13.54,0.0,0.0,0.0,0.0,1.43,0.0,0.0,0.0,0.0,4.65,68.18,0,NA,NA
5,8.71,0.0,0.0,0.0,0.0,0.0,0.0,9.46,0.0,0.0,0.0,0.0,1.12,0.0,0.0,0.0,0.0,4.6,76.11,0,NA,NA
6,9.8,0.0,0.0,0.0,0.0,0.0,0.0,8.91,0.0,0.0,0.0,0.0,1.54,0.0,0.0,0.0,0.0,5.16,74.59,0,NA,NA
7,0.0,0.0,0.0,11.53,0.0,0.0,0.0,0.0,0.0,0.0,0.0,9.53,1.52,0.0,0.0,0.0,0.0,2.69,74.73,1,HIGH,OTHER
8,0.0,0.0,0.0,11.64,0.0,0.0,0.0,0.0,0.0,0.0,0.0,11.79,2.66,0.0,0.0,0.0,0.0,2.75,71.16,1,HIGH,OTHER
9,0.0,0.0,0.0,8.96,0.0,0.0,0.0,0.0,0.0,0.0,0.0,11.93,1.76,0.0,0.0,0.0,0.0,3.4,73.95,0,NA,NA
10,0.0,0.0,0.0,8.4,0.0,0.0,0.0,0.0,0.0,0.0,0.0,11.21,2.33,0.0,0.0,0.0,0.0,4.57,73.49,0,NA,NA
11,0.0,0.0,0.0,9.99,0.0,0.0,0.0,0.0,0.0,0.0,0.0,8.18,1.78,0.0,0.0,0.0,0.0,1.66,78.39,1,MEDIUM,SHEAR-THIN
12,0.0,0.0,0.0,12.46,0.0,0.0,0.0,0.0,0.0,0.0,0.0,11.9,2.2,0.0,0.0,0.0,0.0,3.44,70.0,0,NA,NA
13,0.0,0.0,0.0,0.0,0.0,0.0,8.61,0.0,10.15,0.0,0.0,0.0,1.58,0.0,0.0,0.0,0.0,4.08,75.58,0,NA,NA
14,0.0,0.0,0.0,0.0,0.0,0.0,11.98,0.0,8.47,0.0,0.0,0.0,2.34,0.0,0.0,0.0,0.0,2.29,74.92,1,HIGH,SHEAR-THIN
15,0.0,0.0,0.0,0.0,0.0,0.0,11.1,0.0,10.88,0.0,0.0,0.0,2.49,0.0,0.0,0.0,0.0,2.61,72.92,1,HIGH,SHEAR-THIN
16,0.0,0.0,0.0,0.0,0.0,0.0,12.85,0.0,11.66,0.0,0.0,0.0,2.68,0.0,0.0,0.0,0.0,1.74,71.07,1,LOW,NEWTONIAN
17,0.0,0.0,0.0,0.0,0.0,0.0,10.27,0.0,9.72,0.0,0.0,0.0,2.92,0.0,0.0,0.0,0.0,2.29,74.8,1,HIGH,SHEAR-THIN
18,0.0,0.0,0.0,0.0,0.0,0.0,12.46,0.0,8.71,0.0,0.0,0.0,1.56,0.0,0.0,0.0,0.0,3.12,74.15,1,HIGH,OTHER
19,0.0,0.0,0.0,0.0,0.0,0.0,0.0,0.0,0.0,8.66,8.15,0.0,0.78,0.0,0.0,0.0,0.0,2.84,79.57,0,NA,NA
20,0.0,0.0,0.0,0.0,0.0,0.0,0.0,0.0,0.0,11.29,10.2,0.0,0.99,0.0,0.0,0.0,0.0,2.8,74.72,0,NA,NA
21,0.0,0.0,0.0,0.0,0.0,0.0,0.0,0.0,0.0,10.85,8.31,0.0,1.47,0.0,0.0,0.0,0.0,2.6,76.77,0,NA,NA
22,0.0,0.0,0.0,0.0,0.0,0.0,0.0,0.0,0.0,12.15,10.39,0.0,0.97,0.0,0.0,0.0,0.0,4.33,72.16,0,NA,NA
23,0.0,0.0,0.0,0.0,0.0,0.0,0.0,0.0,0.0,10.15,8.05,0.0,2.42,0.0,0.0,0.0,0.0,3.35,76.03,0,NA,NA
24,0.0,0.0,0.0,0.0,0.0,0.0,0.0,0.0,0.0,10.72,11.78,0.0,2.12,0.0,0.0,0.0,0.0,4.04,71.34,0,NA,NA
25,0.0,11.96,0.0,0.0,0.0,12.31,0.0,0.0,0.0,0.0,0.0,0.0,1.79,0.0,0.0,0.0,0.0,2.35,71.59,1,VERY-LOW,NEWTONIAN
27,0.0,8.88,0.0,0.0,0.0,13.07,0.0,0.0,0.0,0.0,0.0,0.0,1.31,0.0,0.0,0.0,0.0,2.19,74.55,1,VERY-LOW,NEWTONIAN
28,0.0,11.68,0.0,0.0,0.0,9.86,0.0,0.0,0.0,0.0,0.0,0.0,1.49,0.0,0.0,0.0,0.0,1.66,75.31,1,VERY-LOW,NEWTONIAN
29,0.0,10.14,0.0,0.0,0.0,13.26,0.0,0.0,0.0,0.0,0.0,0.0,2.41,0.0,0.0,0.0,0.0,3.18,71.01,1,MEDIUM,SHEAR-THIN
30,0.0,8.54,0.0,0.0,0.0,12.61,0.0,0.0,0.0,0.0,0.0,0.0,2.78,0.0,0.0,0.0,0.0,4.36,71.71,0,NA,NA
31,0.0,0.0,7.99,0.0,12.56,0.0,0.0,0.0,0.0,0.0,0.0,0.0,1.82,0.0,0.0,0.0,0.0,1.95,75.68,0,NA,NA
32,0.0,0.0,12.68,0.0,9.81,0.0,0.0,0.0,0.0,0.0,0.0,0.0,2.54,0.0,0.0,0.0,0.0,4.01,70.96,0,NA,NA
33,0.0,0.0,12.14,0.0,12.58,0.0,0.0,0.0,0.0,0.0,0.0,0.0,1.21,0.0,0.0,0.0,0.0,4.82,69.25,1,HIGH,SHEAR-THIN
34,0.0,0.0,9.01,0.0,8.88,0.0,0.0,0.0,0.0,0.0,0.0,0.0,2.29,0.0,0.0,0.0,0.0,2.19,77.63,0,NA,NA
35,0.0,0.0,13.11,0.0,9.28,0.0,0.0,0.0,0.0,0.0,0.0,0.0,2.93,0.0,0.0,0.0,0.0,3.59,71.09,0,NA,NA
36,0.0,0.0,9.16,0.0,9.22,0.0,0.0,0.0,0.0,0.0,0.0,0.0,2.68,0.0,0.0,0.0,0.0,5.08,73.86,0,NA,NA
37,6.69,10.41,0.0,0.0,0.0,0.0,0.0,0.0,0.0,0.0,0.0,0.0,1.12,0.0,0.0,0.0,0.0,2.67,79.11,0,NA,NA
38,12.24,0.0,9.42,0.0,0.0,0.0,0.0,0.0,0.0,0.0,0.0,0.0,0.3,0.0,0.0,0.0,0.0,1.97,76.07,0,NA,NA
39,12.12,0.0,0.0,11.35,0.0,0.0,0.0,0.0,0.0,0.0,0.0,0.0,1.78,0.0,0.0,0.0,0.0,3.44,71.31,0,NA,NA
40,7.7,0.0,0.0,0.0,10.74,0.0,0.0,0.0,0.0,0.0,0.0,0.0,2.42,0.0,0.0,0.0,0.0,4.77,74.37,0,NA,NA
41,7.58,0.0,0.0,0.0,0.0,8.57,0.0,0.0,0.0,0.0,0.0,0.0,1.72,0.0,0.0,0.0,0.0,2.16,79.97,0,NA,NA
42,12.19,0.0,0.0,0.0,0.0,0.0,12.32,0.0,0.0,0.0,0.0,0.0,0.95,0.0,0.0,0.0,0.0,2.59,71.95,0,NA,NA
43,0.0,0.0,0.0,0.0,0.0,0.0,0.0,0.0,12.44,8.12,0.0,0.0,0.98,0.0,0.0,0.0,0.0,2.25,76.21,0,NA,NA
44,9.24,0.0,0.0,0.0,0.0,0.0,0.0,0.0,11.17,0.0,0.0,0.0,1.68,0.0,0.0,0.0,0.0,2.84,75.07,0,NA,NA
45,8.12,0.0,0.0,0.0,0.0,0.0,0.0,0.0,0.0,9.81,0.0,0.0,2.11,0.0,0.0,0.0,0.0,4.19,75.77,0,NA,NA
46,10.95,0.0,0.0,0.0,0.0,0.0,0.0,0.0,0.0,0.0,10.36,0.0,1.75,0.0,0.0,0.0,0.0,5.17,71.77,0,NA,NA
47,7.39,0.0,0.0,0.0,0.0,0.0,0.0,0.0,0.0,0.0,0.0,10.19,2.53,0.0,0.0,0.0,0.0,4.71,75.18,0,NA,NA
48,0.0,10.9,9.89,0.0,0.0,0.0,0.0,0.0,0.0,0.0,0.0,0.0,2.56,0.0,0.0,0.0,0.0,3.32,73.33,0,NA,NA
49,0.0,8.25,0.0,8.05,0.0,0.0,0.0,0.0,0.0,0.0,0.0,0.0,1.06,0.0,0.0,0.0,0.0,3.19,79.45,0,NA,NA
50,0.0,8.55,0.0,0.0,11.09,0.0,0.0,0.0,0.0,0.0,0.0,0.0,2.21,0.0,0.0,0.0,0.0,4.82,73.33,0,NA,NA
51,0.0,0.0,0.0,0.0,0.0,0.0,0.0,0.0,0.0,10.58,0.0,10.27,2.73,0.0,0.0,0.0,0.0,4.03,72.39,0,NA,NA
52,0.0,8.33,0.0,0.0,0.0,0.0,12.09,0.0,0.0,0.0,0.0,0.0,1.33,0.0,0.0,0.0,0.0,2.32,75.93,1,VERY-LOW,NEWTONIAN
53,0.0,10.27,0.0,0.0,0.0,0.0,0.0,6.75,0.0,0.0,0.0,0.0,2.03,0.0,0.0,0.0,0.0,2.85,78.1,0,NA,NA
54,0.0,8.36,0.0,0.0,0.0,0.0,0.0,0.0,12.32,0.0,0.0,0.0,2.69,0.0,0.0,0.0,0.0,4.27,72.36,0,NA,NA
55,0.0,12.75,0.0,0.0,0.0,0.0,0.0,0.0,0.0,11.02,0.0,0.0,2.58,0.0,0.0,0.0,0.0,3.38,70.27,0,NA,NA
56,0.0,12.2,0.0,0.0,0.0,0.0,0.0,0.0,0.0,0.0,9.12,0.0,2.57,0.0,0.0,0.0,0.0,3.05,73.06,0,NA,NA
57,0.0,8.82,0.0,0.0,0.0,0.0,0.0,0.0,0.0,0.0,0.0,9.6,2.02,0.0,0.0,0.0,0.0,2.3,77.26,0,NA,NA
58,0.0,0.0,11.52,7.5,0.0,0.0,0.0,0.0,0.0,0.0,0.0,0.0,2.81,0.0,0.0,0.0,0.0,4.36,73.81,0,NA,NA
59,0.0,0.0,0.0,0.0,0.0,0.0,0.0,0.0,0.0,0.0,9.57,10.58,1.71,0.0,0.0,0.0,0.0,3.03,75.11,0,NA,NA
60,0.0,0.0,9.0,0.0,0.0,8.25,0.0,0.0,0.0,0.0,0.0,0.0,2.32,0.0,0.0,0.0,0.0,3.74,76.69,0,NA,NA
61,0.0,0.0,12.1,0.0,0.0,0.0,7.86,0.0,0.0,0.0,0.0,0.0,1.53,0.0,0.0,0.0,0.0,1.57,76.94,0,NA,NA
62,0.0,0.0,12.12,0.0,0.0,0.0,0.0,8.03,0.0,0.0,0.0,0.0,2.31,0.0,0.0,0.0,0.0,1.45,76.09,0,NA,NA
63,0.0,0.0,11.88,0.0,0.0,0.0,0.0,0.0,12.0,0.0,0.0,0.0,1.91,0.0,0.0,0.0,0.0,2.91,71.3,1,LOW,NEWTONIAN
64,0.0,0.0,8.0,0.0,0.0,0.0,0.0,0.0,0.0,9.22,0.0,0.0,1.36,0.0,0.0,0.0,0.0,4.85,76.57,0,NA,NA
65,0.0,0.0,13.05,0.0,0.0,0.0,0.0,0.0,0.0,0.0,11.51,0.0,1.93,0.0,0.0,0.0,0.0,3.46,70.05,0,NA,NA
66,0.0,0.0,12.38,0.0,0.0,0.0,0.0,0.0,0.0,0.0,0.0,10.58,2.46,0.0,0.0,0.0,0.0,2.31,72.27,0,NA,NA
67,0.0,0.0,0.0,9.36,12.58,0.0,0.0,0.0,0.0,0.0,0.0,0.0,1.52,0.0,0.0,0.0,0.0,2.74,73.8,1,MEDIUM,NEWTONIAN
68,0.0,0.0,0.0,12.84,0.0,11.6,0.0,0.0,0.0,0.0,0.0,0.0,0.98,0.0,0.0,0.0,0.0,3.17,71.41,0,NA,NA
69,0.0,0.0,0.0,9.23,0.0,0.0,8.61,0.0,0.0,0.0,0.0,0.0,2.1,0.0,0.0,0.0,0.0,1.4,78.66,0,NA,NA
70,0.0,0.0,0.0,10.14,0.0,0.0,0.0,10.88,0.0,0.0,0.0,0.0,1.67,0.0,0.0,0.0,0.0,3.71,73.6,0,NA,NA
71,0.0,0.0,0.0,10.66,0.0,0.0,0.0,0.0,8.01,0.0,0.0,0.0,1.63,0.0,0.0,0.0,0.0,4.69,75.01,0,NA,NA
72,0.0,0.0,0.0,10.63,0.0,0.0,0.0,0.0,0.0,9.67,0.0,0.0,1.84,0.0,0.0,0.0,0.0,2.65,75.21,0,NA,NA
73,0.0,0.0,0.0,11.2,0.0,0.0,0.0,0.0,0.0,0.0,10.05,0.0,2.17,0.0,0.0,0.0,0.0,4.47,72.11,0,NA,NA
74,0.0,0.0,0.0,0.0,0.0,0.0,0.0,0.0,8.1,0.0,11.98,0.0,1.45,0.0,0.0,0.0,0.0,4.83,73.64,0,NA,NA
75,0.0,0.0,0.0,0.0,8.64,9.05,0.0,0.0,0.0,0.0,0.0,0.0,3.03,0.0,0.0,0.0,0.0,2.35,76.93,0,NA,NA
76,0.0,0.0,0.0,0.0,13.91,0.0,8.12,0.0,0.0,0.0,0.0,0.0,2.4,0.0,0.0,0.0,0.0,2.63,72.94,0,NA,NA
77,0.0,0.0,0.0,0.0,9.44,0.0,0.0,9.9,0.0,0.0,0.0,0.0,2.98,0.0,0.0,0.0,0.0,3.46,74.22,0,NA,NA
78,0.0,0.0,0.0,0.0,10.18,0.0,0.0,0.0,9.29,0.0,0.0,0.0,1.31,0.0,0.0,0.0,0.0,1.93,77.29,0,NA,NA
79,0.0,0.0,0.0,0.0,8.95,0.0,0.0,0.0,0.0,9.87,0.0,0.0,2.46,0.0,0.0,0.0,0.0,3.05,75.67,0,NA,NA
80,0.0,0.0,0.0,0.0,8.45,0.0,0.0,0.0,0.0,0.0,8.76,0.0,1.7,0.0,0.0,0.0,0.0,3.06,78.03,0,NA,NA
81,0.0,0.0,0.0,0.0,11.6,0.0,0.0,0.0,0.0,0.0,0.0,11.02,2.15,0.0,0.0,0.0,0.0,1.63,73.6,0,NA,NA
82,0.0,0.0,0.0,0.0,0.0,11.27,9.11,0.0,0.0,0.0,0.0,0.0,2.12,0.0,0.0,0.0,0.0,3.43,74.07,0,NA,NA
83,0.0,0.0,0.0,0.0,0.0,9.13,0.0,9.8,0.0,0.0,0.0,0.0,3.08,0.0,0.0,0.0,0.0,2.59,75.4,0,NA,NA
84,0.0,0.0,0.0,0.0,0.0,9.48,0.0,0.0,8.56,0.0,0.0,0.0,1.47,0.0,0.0,0.0,0.0,4.37,76.12,0,NA,NA
85,0.0,0.0,0.0,0.0,0.0,11.4,0.0,0.0,0.0,11.66,0.0,0.0,1.8,0.0,0.0,0.0,0.0,3.89,71.25,0,NA,NA
86,0.0,0.0,0.0,0.0,0.0,9.0,0.0,0.0,0.0,0.0,12.37,0.0,1.19,0.0,0.0,0.0,0.0,2.27,75.17,0,NA,NA
87,0.0,0.0,0.0,0.0,0.0,11.49,0.0,0.0,0.0,0.0,0.0,9.68,1.08,0.0,0.0,0.0,0.0,3.23,74.52,0,NA,NA
88,0.0,0.0,0.0,0.0,0.0,0.0,11.86,6.3,0.0,0.0,0.0,0.0,2.82,0.0,0.0,0.0,0.0,4.34,74.68,0,NA,NA
89,0.0,0.0,0.0,0.0,0.0,0.0,0.0,0.0,11.56,0.0,0.0,8.63,2.04,0.0,0.0,0.0,0.0,4.28,73.49,0,NA,NA
90,0.0,0.0,0.0,0.0,0.0,0.0,12.41,0.0,0.0,13.07,0.0,0.0,2.49,0.0,0.0,0.0,0.0,2.57,69.46,0,NA,NA
91,0.0,0.0,0.0,0.0,0.0,0.0,12.8,0.0,0.0,0.0,12.62,0.0,1.93,0.0,0.0,0.0,0.0,3.74,68.91,0,NA,NA
92,0.0,0.0,0.0,0.0,0.0,0.0,11.23,0.0,0.0,0.0,0.0,10.15,1.06,0.0,0.0,0.0,0.0,3.94,73.62,0,NA,NA
93,0.0,0.0,0.0,0.0,0.0,0.0,0.0,7.46,13.11,0.0,0.0,0.0,1.65,0.0,0.0,0.0,0.0,4.67,73.11,0,NA,NA
94,0.0,0.0,0.0,0.0,0.0,0.0,0.0,9.0,0.0,11.63,0.0,0.0,1.15,0.0,0.0,0.0,0.0,4.11,74.11,0,NA,NA
95,0.0,0.0,0.0,0.0,0.0,0.0,0.0,10.06,0.0,0.0,12.17,0.0,2.66,0.0,0.0,0.0,0.0,1.73,73.38,0,NA,NA
96,0.0,0.0,0.0,0.0,0.0,0.0,0.0,10.1,0.0,0.0,0.0,8.64,2.77,0.0,0.0,0.0,0.0,2.22,76.27,0,NA,NA
97,8.47,0.0,0.0,0.0,0.0,0.0,0.0,0.0,13.52,0.0,0.0,0.0,2.72,0.0,0.0,0.0,0.0,0.92,74.37,0,NA,NA
98,0.0,0.0,0.0,0.0,0.0,0.0,0.0,0.0,0.0,12.88,0.0,8.72,1.35,0.0,0.0,0.0,0.0,1.14,75.91,0,NA,NA
99,0.0,0.0,0.0,0.0,0.0,0.0,7.75,0.0,0.0,0.0,0.0,8.49,2.75,0.0,0.0,0.0,0.0,1.21,79.8,0,NA,NA
100,0.0,0.0,0.0,0.0,0.0,0.0,10.09,0.0,0.0,0.0,11.3,0.0,1.42,0.0,0.0,0.0,0.0,1.36,75.83,0,NA,NA
101,0.0,0.0,0.0,0.0,0.0,9.87,0.0,0.0,13.09,0.0,0.0,0.0,1.15,0.0,0.0,0.0,0.0,1.23,74.66,1,LOW,SHEAR-THIN
102,0.0,0.0,0.0,8.37,9.11,0.0,0.0,0.0,0.0,0.0,0.0,0.0,2.35,0.0,0.0,0.0,0.0,1.44,78.73,1,VERY-LOW,NEWTONIAN
103,0.0,0.0,0.0,0.0,0.0,0.0,0.0,0.0,8.15,0.0,0.0,10.31,2.5,0.0,0.0,0.0,0.0,1.52,77.52,1,VERY-LOW,NEWTONIAN
104,0.0,0.0,0.0,0.0,0.0,0.0,0.0,0.0,10.68,12.83,0.0,0.0,2.54,0.0,0.0,0.0,0.0,4.72,69.23,0,NA,NA
105,5.45,11.75,0.0,0.0,0.0,0.0,0.0,0.0,0.0,0.0,0.0,0.0,2.55,0.0,0.0,0.0,0.0,1.88,78.37,0,NA,NA
106,0.0,13.49,0.0,0.0,0.0,0.0,0.0,10.44,0.0,0.0,0.0,0.0,2.92,0.0,0.0,0.0,0.0,4.88,68.27,0,NA,NA
107,0.0,13.08,0.0,0.0,0.0,0.0,0.0,0.0,0.0,0.0,11.85,0.0,1.78,0.0,0.0,0.0,0.0,1.98,71.31,0,NA,NA
108,0.0,0.0,0.0,0.0,0.0,12.34,0.0,0.0,0.0,8.93,0.0,0.0,3.07,0.0,0.0,0.0,0.0,2.14,73.52,0,NA,NA
109,0.0,11.91,0.0,0.0,0.0,0.0,0.0,9.94,0.0,0.0,0.0,0.0,1.1,0.0,0.0,0.0,0.0,0.94,76.11,1,VERY-LOW,NEWTONIAN
110,0.0,0.0,7.66,0.0,0.0,0.0,0.0,0.0,0.0,0.0,0.0,13.12,0.99,0.0,0.0,0.0,0.0,1.43,76.8,0,NA,NA
111,0.0,0.0,0.0,8.53,7.62,0.0,0.0,0.0,0.0,0.0,0.0,0.0,0.98,0.0,0.0,0.0,0.0,1.33,81.54,1,VERY-LOW,NEWTONIAN
112,0.0,0.0,0.0,0.0,0.0,0.0,0.0,0.0,0.0,7.8,0.0,11.84,1.97,0.0,0.0,0.0,0.0,1.23,77.16,0,NA,NA
113,0.0,0.0,0.0,0.0,0.0,12.39,8.04,0.0,0.0,0.0,0.0,0.0,3.02,0.0,0.0,0.0,0.0,1.31,75.24,1,MEDIUM,SHEAR-THIN
114,0.0,0.0,0.0,0.0,0.0,12.17,0.0,0.0,11.06,0.0,0.0,0.0,2.86,0.0,0.0,0.0,0.0,4.62,69.29,0,NA,NA
115,0.0,0.0,0.0,0.0,0.0,7.92,0.0,0.0,0.0,12.63,0.0,0.0,2.17,0.0,0.0,0.0,0.0,1.35,75.93,0,NA,NA
116,0.0,0.0,0.0,0.0,0.0,0.0,0.0,0.0,9.13,0.0,0.0,11.78,2.81,0.0,0.0,0.0,0.0,2.11,74.17,1,LOW,SHEAR-THIN
117,0.0,0.0,0.0,0.0,11.91,13.74,0.0,0.0,0.0,0.0,0.0,0.0,1.13,0.0,0.0,0.0,0.0,4.32,68.9,0,NA,NA
118,0.0,0.0,0.0,0.0,0.0,0.0,0.0,11.81,9.82,0.0,0.0,0.0,1.24,0.0,0.0,0.0,0.0,1.7,75.43,0,NA,NA
119,0.0,0.0,0.0,0.0,0.0,11.58,0.0,8.63,0.0,0.0,0.0,0.0,1.87,0.0,0.0,0.0,0.0,1.47,76.45,0,NA,NA
120,0.0,0.0,0.0,0.0,13.32,0.0,0.0,0.0,0.0,0.0,0.0,8.28,2.67,0.0,0.0,0.0,0.0,4.34,71.39,0,NA,NA
121,0.0,0.0,0.0,0.0,0.0,0.0,0.0,0.0,11.11,0.0,12.97,0.0,2.56,0.0,0.0,0.0,0.0,1.49,71.87,0,NA,NA
122,0.0,0.0,0.0,0.0,0.0,0.0,10.83,11.02,0.0,0.0,0.0,0.0,2.96,0.0,0.0,0.0,0.0,3.39,71.8,0,NA,NA
123,0.0,0.0,0.0,0.0,0.0,0.0,12.53,12.0,0.0,0.0,0.0,0.0,1.61,0.0,0.0,0.0,0.0,2.0,71.86,0,NA,NA
124,0.0,0.0,0.0,12.02,0.0,0.0,0.0,0.0,13.18,0.0,0.0,0.0,1.13,0.0,0.0,0.0,0.0,2.79,70.88,0,NA,NA
125,0.0,0.0,0.0,0.0,0.0,0.0,0.0,0.0,10.4,0.0,0.0,10.55,1.17,0.0,0.0,0.0,0.0,5.24,72.64,0,NA,NA
126,0.0,0.0,0.0,0.0,0.0,0.0,13.08,0.0,0.0,0.0,0.0,8.95,2.16,0.0,0.0,0.0,0.0,5.52,70.29,0,NA,NA
127,0.0,0.0,0.0,0.0,0.0,0.0,9.69,0.0,12.51,0.0,0.0,0.0,0.79,0.0,0.0,0.0,0.0,3.45,73.56,0,NA,NA
128,0.0,12.9,0.0,0.0,0.0,0.0,0.0,10.49,0.0,0.0,0.0,0.0,1.54,0.0,0.0,0.0,0.0,4.9,70.17,0,NA,NA
129,0.0,0.0,0.0,0.0,0.0,7.59,0.0,0.0,0.0,0.0,0.0,10.81,2.79,0.0,0.0,0.0,0.0,2.07,76.74,0,NA,NA
130,0.0,0.0,0.0,0.0,0.0,0.0,0.0,0.0,0.0,0.0,12.14,12.55,2.32,0.0,0.0,0.0,0.0,1.85,71.14,0,NA,NA
131,0.0,0.0,0.0,0.0,0.0,0.0,11.28,0.0,0.0,0.0,0.0,13.02,1.55,0.0,0.0,0.0,0.0,2.16,71.99,1,MEDIUM,OTHER
132,0.0,0.0,0.0,0.0,0.0,0.0,0.0,12.87,0.0,0.0,0.0,12.92,2.9,0.0,0.0,0.0,0.0,4.32,66.99,0,NA,NA
133,0.0,0.0,0.0,0.0,0.0,9.28,11.56,0.0,0.0,0.0,0.0,0.0,2.04,0.0,0.0,0.0,0.0,2.26,74.86,0,NA,NA
134,0.0,0.0,0.0,0.0,0.0,0.0,0.0,0.0,0.0,7.91,0.0,12.9,2.77,0.0,0.0,0.0,0.0,3.08,73.34,0,NA,NA
135,0.0,0.0,0.0,0.0,0.0,0.0,0.0,10.95,0.0,0.0,9.89,0.0,1.76,0.0,0.0,0.0,0.0,1.79,75.61,0,NA,NA
136,0.0,0.0,0.0,0.0,0.0,0.0,0.0,11.23,0.0,0.0,0.0,12.27,1.45,0.0,0.0,0.0,0.0,2.45,72.6,0,NA,NA
137,0.0,0.0,0.0,0.0,11.32,0.0,12.14,0.0,0.0,0.0,0.0,0.0,2.05,0.0,0.0,0.0,0.0,1.9,72.59,1,HIGH,OTHER
138,6.68,0.0,0.0,0.0,0.0,12.45,0.0,0.0,0.0,0.0,0.0,0.0,1.13,0.0,0.0,0.0,0.0,1.88,77.86,0,NA,NA
139,0.0,0.0,0.0,0.0,0.0,0.0,0.0,0.0,12.51,0.0,9.1,0.0,1.74,0.0,0.0,0.0,0.0,2.43,74.22,0,NA,NA
140,0.0,0.0,0.0,11.04,0.0,10.52,0.0,0.0,0.0,0.0,0.0,0.0,2.96,0.0,0.0,0.0,0.0,2.18,73.3,0,NA,NA
141,0.0,0.0,0.0,0.0,0.0,0.0,9.2,0.0,0.0,0.0,0.0,11.89,2.36,0.0,0.0,0.0,0.0,3.78,72.77,0,NA,NA
142,0.0,0.0,0.0,10.13,8.85,0.0,0.0,0.0,0.0,0.0,0.0,0.0,2.07,0.0,0.0,0.0,0.0,1.83,77.12,1,LOW,NEWTONIAN
143,0.0,10.84,0.0,0.0,0.0,0.0,0.0,11.41,0.0,0.0,0.0,0.0,1.2,0.0,0.0,0.0,0.0,3.28,73.27,0,NA,NA
144,0.0,0.0,0.0,0.0,0.0,10.4,0.0,13.16,0.0,0.0,0.0,0.0,2.22,0.0,0.0,0.0,0.0,2.51,71.71,0,NA,NA
145,0.0,0.0,0.0,0.0,11.25,0.0,0.0,0.0,12.96,0.0,0.0,0.0,2.72,0.0,0.0,0.0,0.0,1.0,72.07,1,LOW,NEWTONIAN
146,0.0,0.0,0.0,0.0,13.8,0.0,0.0,0.0,0.0,0.0,10.95,0.0,1.06,0.0,0.0,0.0,0.0,1.5,72.69,0,NA,NA
147,0.0,0.0,0.0,6.58,12.27,0.0,0.0,0.0,0.0,0.0,0.0,0.0,2.88,0.0,0.0,0.0,0.0,3.68,74.59,1,MEDIUM,SHEAR-THIN
148,0.0,0.0,0.0,0.0,0.0,0.0,0.0,11.52,0.0,10.98,0.0,0.0,2.26,0.0,0.0,0.0,0.0,1.67,73.57,0,NA,NA
149,0.0,0.0,0.0,0.0,0.0,0.0,10.1,0.0,0.0,12.93,0.0,0.0,1.02,0.0,0.0,0.0,0.0,2.22,73.73,0,NA,NA
150,0.0,0.0,0.0,12.49,0.0,0.0,0.0,0.0,9.58,0.0,0.0,0.0,2.52,0.0,0.0,0.0,0.0,1.66,73.75,1,MEDIUM,SHEAR-THIN
151,0.0,10.96,0.0,0.0,0.0,0.0,12.72,0.0,0.0,0.0,0.0,0.0,1.56,0.0,0.0,0.0,0.0,1.1,73.66,1,VERY-LOW,NEWTONIAN
152,0.0,0.0,0.0,10.89,0.0,0.0,0.0,0.0,0.0,0.0,12.36,0.0,1.6,0.0,0.0,0.0,0.0,1.43,73.72,0,NA,NA
153,0.0,0.0,0.0,13.2,6.73,0.0,0.0,0.0,0.0,0.0,0.0,0.0,1.34,0.0,0.0,0.0,0.0,3.75,74.98,1,MEDIUM,SHEAR-THIN
154,0.0,0.0,0.0,0.0,13.36,0.0,10.5,0.0,0.0,0.0,0.0,0.0,2.7,0.0,0.0,0.0,0.0,1.62,71.82,1,MEDIUM,SHEAR-THIN
155,0.0,0.0,0.0,0.0,0.0,0.0,9.29,0.0,10.5,0.0,0.0,0.0,1.39,0.0,0.0,0.0,0.0,1.28,77.54,1,VERY-LOW,NEWTONIAN
156,0.0,0.0,0.0,0.0,0.0,12.67,0.0,0.0,0.0,9.83,0.0,0.0,2.31,0.0,0.0,0.0,0.0,2.97,72.22,0,NA,NA
157,0.0,0.0,0.0,8.29,10.5,0.0,0.0,0.0,0.0,0.0,0.0,0.0,0.89,0.0,0.0,0.0,0.0,4.26,76.06,1,MEDIUM,SHEAR-THIN
158,0.0,0.0,0.0,13.8,0.0,0.0,7.74,0.0,0.0,0.0,0.0,0.0,2.71,0.0,0.0,0.0,0.0,2.45,73.3,0,NA,NA
159,0.0,0.0,0.0,0.0,0.0,0.0,0.0,0.0,10.4,0.0,0.0,8.87,2.63,0.0,0.0,0.0,0.0,1.4,76.7,1,VERY-LOW,NEWTONIAN
160,0.0,0.0,0.0,13.19,13.32,0.0,0.0,0.0,0.0,0.0,0.0,0.0,2.18,0.0,0.0,0.0,0.0,4.63,66.68,1,MEDIUM,NEWTONIAN
161,0.0,8.48,0.0,12.68,0.0,0.0,0.0,0.0,0.0,0.0,0.0,0.0,1.46,0.0,0.0,0.0,0.0,1.62,75.76,0,NA,NA
162,0.0,0.0,0.0,0.0,0.0,0.0,12.25,0.0,0.0,0.0,0.0,10.53,1.96,0.0,0.0,0.0,0.0,3.33,71.93,0,NA,NA
163,0.0,0.0,0.0,0.0,0.0,10.0,0.0,0.0,0.0,12.13,0.0,0.0,2.58,0.0,0.0,0.0,0.0,1.43,73.86,0,NA,NA
164,0.0,0.0,0.0,0.0,0.0,0.0,0.0,0.0,12.33,0.0,0.0,12.73,1.4,0.0,0.0,0.0,0.0,1.65,71.89,1,VERY-LOW,NEWTONIAN
165,0.0,12.42,0.0,0.0,0.0,0.0,0.0,0.0,0.0,9.05,0.0,0.0,1.16,0.0,0.0,0.0,0.0,2.11,75.26,0,NA,NA
166,0.0,0.0,0.0,10.83,7.2,0.0,0.0,0.0,0.0,0.0,0.0,0.0,2.78,0.0,0.0,0.0,0.0,3.28,75.91,1,MEDIUM,SHEAR-THIN
167,0.0,0.0,0.0,0.0,0.0,0.0,8.25,0.0,0.0,0.0,0.0,11.68,1.03,0.0,0.0,0.0,0.0,2.04,77.0,1,MEDIUM,OTHER
168,0.0,0.0,0.0,0.0,0.0,0.0,13.09,0.0,0.0,9.88,0.0,0.0,2.23,0.0,0.0,0.0,0.0,1.59,73.21,0,NA,NA
169,0.0,10.27,0.0,0.0,0.0,0.0,0.0,11.38,0.0,0.0,0.0,0.0,2.07,0.0,0.0,0.0,0.0,1.19,75.09,1,VERY-LOW,NEWTONIAN
170,0.0,0.0,0.0,0.0,0.0,0.0,0.0,8.92,12.68,0.0,0.0,0.0,1.9,0.0,0.0,0.0,0.0,1.8,74.7,1,MEDIUM,SHEAR-THIN
171,0.0,0.0,0.0,0.0,0.0,0.0,0.0,0.0,12.89,0.0,0.0,9.8,2.08,0.0,0.0,0.0,0.0,2.47,72.76,1,MEDIUM,SHEAR-THIN
172,0.0,9.79,0.0,0.0,0.0,0.0,0.0,0.0,12.17,0.0,0.0,0.0,1.16,0.0,0.0,0.0,0.0,2.2,74.68,0,NA,NA
173,0.0,0.0,0.0,10.41,0.0,0.0,9.87,0.0,0.0,0.0,0.0,0.0,2.82,0.0,0.0,0.0,0.0,1.74,75.16,0,NA,NA
174,0.0,12.5,0.0,0.0,10.99,0.0,0.0,0.0,0.0,0.0,0.0,0.0,1.28,0.0,0.0,0.0,0.0,1.48,73.75,0,NA,NA
175,0.0,0.0,0.0,11.56,0.0,0.0,0.0,0.0,0.0,0.0,8.47,0.0,2.28,0.0,0.0,0.0,0.0,1.65,76.04,0,NA,NA
176,0.0,0.0,0.0,12.92,10.9,0.0,0.0,0.0,0.0,0.0,0.0,0.0,1.37,0.0,0.0,0.0,0.0,2.62,72.19,1,LOW,SHEAR-THIN
177,0.0,0.0,0.0,0.0,0.0,0.0,0.0,0.0,11.4,12.64,0.0,0.0,1.39,0.0,0.0,0.0,0.0,3.26,71.31,0,NA,NA
178,0.0,0.0,0.0,0.0,0.0,0.0,9.92,0.0,0.0,0.0,0.0,10.95,2.91,0.0,0.0,0.0,0.0,2.22,74.0,0,NA,NA
179,0.0,0.0,0.0,0.0,0.0,0.0,9.52,0.0,13.08,0.0,0.0,0.0,2.79,0.0,0.0,0.0,0.0,1.65,72.96,1,VERY-LOW,NEWTONIAN
180,0.0,0.0,0.0,0.0,0.0,0.0,0.0,0.0,11.28,0.0,0.0,8.45,1.15,0.0,0.0,0.0,0.0,1.56,77.56,1,VERY-LOW,NEWTONIAN
181,0.0,0.0,6.84,12.49,0.0,0.0,0.0,0.0,0.0,0.0,0.0,0.0,2.75,0.0,0.0,0.0,0.0,1.27,76.65,0,NA,NA
182,0.0,0.0,0.0,0.0,0.0,0.0,0.0,11.29,0.0,13.2,0.0,0.0,1.34,0.0,0.0,0.0,0.0,2.4,71.77,0,NA,NA
183,0.0,0.0,0.0,13.08,0.0,0.0,11.41,0.0,0.0,0.0,0.0,0.0,2.86,0.0,0.0,0.0,0.0,1.46,71.19,1,HIGH,SHEAR-THIN
184,0.0,0.0,0.0,8.95,0.0,0.0,0.0,0.0,12.61,0.0,0.0,0.0,2.24,0.0,0.0,0.0,0.0,3.07,73.13,0,NA,NA
185,0.0,0.0,0.0,9.36,7.53,0.0,0.0,0.0,0.0,0.0,0.0,0.0,3.01,0.0,0.0,0.0,0.0,4.9,75.2,0,NA,NA
186,0.0,0.0,0.0,9.37,0.0,0.0,0.0,0.0,12.24,0.0,0.0,0.0,2.82,0.0,0.0,0.0,0.0,1.59,73.98,1,MEDIUM,OTHER
187,0.0,0.0,11.0,10.99,0.0,0.0,0.0,0.0,0.0,0.0,0.0,0.0,0.83,0.0,0.0,0.0,0.0,1.08,76.1,0,NA,NA
188,0.0,0.0,0.0,0.0,0.0,0.0,10.15,0.0,8.02,0.0,0.0,0.0,1.18,0.0,0.0,0.0,0.0,1.1,79.55,1,VERY-LOW,NEWTONIAN
189,0.0,0.0,0.0,12.42,8.93,0.0,0.0,0.0,0.0,0.0,0.0,0.0,2.51,0.0,0.0,0.0,0.0,1.28,74.86,1,VERY-LOW,NEWTONIAN
190,0.0,0.0,0.0,0.0,0.0,0.0,0.0,0.0,9.03,0.0,0.0,9.54,1.09,0.0,0.0,0.0,0.0,1.2,79.14,1,VERY-LOW,NEWTONIAN
191,0.0,0.0,12.46,0.0,0.0,0.0,0.0,0.0,12.59,0.0,0.0,0.0,2.29,0.0,0.0,0.0,0.0,1.09,71.57,1,VERY-LOW,NEWTONIAN
192,0.0,13.24,0.0,0.0,0.0,0.0,0.0,10.59,0.0,0.0,0.0,0.0,2.89,0.0,0.0,0.0,0.0,3.05,70.23,1,VERY-LOW,NEWTONIAN
193,0.0,0.0,0.0,0.0,6.76,0.0,0.0,0.0,0.0,0.0,0.0,12.9,0.86,0.0,0.0,0.0,0.0,2.79,76.69,0,NA,NA
194,0.0,0.0,0.0,8.94,0.0,0.0,0.0,0.0,11.58,0.0,0.0,0.0,2.6,0.0,0.0,0.0,0.0,2.8,74.08,0,NA,NA
195,0.0,0.0,0.0,0.0,13.21,0.0,0.0,0.0,0.0,0.0,0.0,10.31,1.56,0.0,0.0,0.0,0.0,1.57,73.35,1,LOW,NEWTONIAN
196,0.0,0.0,0.0,12.94,0.0,0.0,0.0,0.0,10.52,0.0,0.0,0.0,1.72,0.0,0.0,0.0,0.0,1.66,73.16,1,MEDIUM,SHEAR-THIN
197,0.0,0.0,0.0,12.88,7.99,0.0,0.0,0.0,0.0,0.0,0.0,0.0,2.17,0.0,0.0,0.0,0.0,3.03,73.93,1,MEDIUM,SHEAR-THIN
198,0.0,0.0,0.0,0.0,13.5,0.0,0.0,0.0,11.34,0.0,0.0,0.0,2.86,0.0,0.0,0.0,0.0,2.95,69.35,1,LOW,OTHER
199,0.0,0.0,0.0,0.0,0.0,9.09,13.12,0.0,0.0,0.0,0.0,0.0,1.56,0.0,0.0,0.0,0.0,2.67,73.56,0,NA,NA
200,0.0,0.0,0.0,7.0,10.79,0.0,0.0,0.0,0.0,0.0,0.0,0.0,2.56,0.0,0.0,0.0,0.0,3.48,76.17,1,MEDIUM,SHEAR-THIN
201,0.0,0.0,10.64,0.0,0.0,0.0,0.0,0.0,0.0,0.0,0.0,11.8,1.26,0.0,0.0,0.0,0.0,1.43,74.87,1,MEDIUM,SHEAR-THIN
202,0.0,0.0,0.0,0.0,9.24,0.0,0.0,0.0,0.0,0.0,0.0,11.69,2.9,0.0,0.0,0.0,0.0,3.13,73.04,0,NA,NA
203,0.0,0.0,0.0,0.0,0.0,0.0,13.04,0.0,0.0,0.0,0.0,9.25,1.63,0.0,0.0,0.0,0.0,1.7,74.38,1,MEDIUM,SHEAR-THIN
204,0.0,0.0,0.0,0.0,0.0,0.0,10.67,0.0,0.0,0.0,0.0,8.95,1.2,0.0,0.0,0.0,0.0,2.64,76.54,0,NA,NA
205,0.0,0.0,0.0,11.7,8.48,0.0,0.0,0.0,0.0,0.0,0.0,0.0,1.22,0.0,0.0,0.0,0.0,3.95,74.65,1,MEDIUM,SHEAR-THIN
206,0.0,0.0,0.0,0.0,0.0,0.0,0.0,0.0,8.14,0.0,0.0,10.9,1.42,0.0,0.0,0.0,0.0,3.04,76.5,0,NA,NA
207,0.0,0.0,9.82,0.0,0.0,0.0,0.0,0.0,13.09,0.0,0.0,0.0,1.37,0.0,0.0,0.0,0.0,2.33,73.39,1,VERY-LOW,NEWTONIAN
208,0.0,0.0,0.0,9.91,0.0,0.0,0.0,0.0,0.0,0.0,0.0,12.25,1.23,0.0,0.0,0.0,0.0,1.65,74.96,1,MEDIUM,SHEAR-THIN
210,0.0,0.0,0.0,0.0,0.0,0.0,12.92,0.0,0.0,0.0,7.73,0.0,2.65,0.0,0.0,0.0,0.0,1.2,75.5,0,NA,NA
211,0.0,0.0,0.0,0.0,0.0,0.0,13.21,8.0,0.0,0.0,0.0,0.0,1.11,0.0,0.0,0.0,0.0,2.54,75.14,0,NA,NA
212,0.0,0.0,0.0,11.88,0.0,0.0,0.0,0.0,8.81,0.0,0.0,0.0,2.63,0.0,0.0,0.0,0.0,3.14,73.54,0,NA,NA
213,0.0,0.0,0.0,0.0,11.9,0.0,0.0,0.0,0.0,0.0,0.0,12.95,1.75,0.0,0.0,0.0,0.0,3.41,69.99,0,NA,NA
214,0.0,0.0,0.0,9.69,9.17,0.0,0.0,0.0,0.0,0.0,0.0,0.0,2.56,0.0,0.0,0.0,0.0,4.02,74.56,0,NA,NA
215,0.0,0.0,0.0,0.0,0.0,0.0,0.0,0.0,10.09,0.0,0.0,12.41,1.98,0.0,0.0,0.0,0.0,3.55,71.97,0,NA,NA
216,0.0,0.0,0.0,10.28,13.05,0.0,0.0,0.0,0.0,0.0,0.0,0.0,1.01,0.0,0.0,0.0,0.0,1.97,73.69,1,LOW,NEWTONIAN
217,0.0,0.0,0.0,0.0,0.0,0.0,0.0,6.51,0.0,0.0,0.0,11.93,1.05,0.0,0.0,0.0,1.14,0.0,79.37,1,LOW,SHEAR-THIN
218,0.0,11.78,6.59,0.0,0.0,0.0,0.0,0.0,0.0,0.0,0.0,0.0,2.43,0.0,0.0,0.0,2.51,0.0,76.69,0,NA,NA
219,0.0,0.0,0.0,0.0,0.0,0.0,0.0,0.0,0.0,9.13,8.19,0.0,1.08,0.0,0.0,0.0,2.65,0.0,78.95,0,NA,NA
220,0.0,0.0,9.4,0.0,0.0,0.0,0.0,12.26,0.0,0.0,0.0,0.0,1.8,0.0,0.0,0.0,1.65,0.0,74.89,0,NA,NA
221,0.0,0.0,0.0,0.0,11.27,0.0,0.0,12.13,0.0,0.0,0.0,0.0,2.24,0.0,0.0,0.0,2.07,0.0,72.29,0,NA,NA
222,6.3,10.49,0.0,0.0,0.0,0.0,0.0,0.0,0.0,0.0,0.0,0.0,2.03,0.0,0.0,0.0,3.79,0.0,77.39,0,NA,NA
223,5.86,0.0,9.53,0.0,0.0,0.0,0.0,0.0,0.0,0.0,0.0,0.0,2.64,0.0,0.0,0.0,2.89,0.0,79.08,0,NA,NA
224,0.0,0.0,0.0,0.0,0.0,0.0,11.23,0.0,0.0,0.0,0.0,11.49,2.92,0.0,0.0,0.0,3.98,0.0,70.38,0,NA,NA
225,0.0,0.0,7.86,0.0,0.0,10.05,0.0,0.0,0.0,0.0,0.0,0.0,1.78,0.0,0.0,0.0,2.35,0.0,77.96,0,NA,NA
226,0.0,0.0,0.0,7.28,0.0,0.0,0.0,6.63,0.0,0.0,0.0,0.0,1.48,0.0,0.0,0.0,2.23,0.0,82.38,0,NA,NA
227,0.0,0.0,12.96,0.0,0.0,0.0,11.95,0.0,0.0,0.0,0.0,0.0,2.16,0.0,0.0,0.0,4.04,0.0,68.89,0,NA,NA
228,0.0,0.0,8.17,0.0,0.0,0.0,0.0,0.0,0.0,7.98,0.0,0.0,2.41,0.0,0.0,0.0,3.79,0.0,77.65,0,NA,NA
229,0.0,0.0,0.0,0.0,8.6,0.0,0.0,0.0,0.0,10.81,0.0,0.0,2.0,0.0,0.0,0.0,4.96,0.0,73.63,0,NA,NA
230,0.0,9.78,0.0,0.0,8.8,0.0,0.0,0.0,0.0,0.0,0.0,0.0,1.19,0.0,0.0,0.0,3.26,0.0,76.97,0,NA,NA
231,0.0,0.0,0.0,0.0,0.0,0.0,0.0,11.41,11.02,0.0,0.0,0.0,2.33,0.0,0.0,0.0,3.03,0.0,72.21,1,LOW,SHEAR-THIN
232,0.0,0.0,0.0,0.0,0.0,0.0,0.0,0.0,0.0,0.0,11.92,11.85,1.29,0.0,0.0,0.0,4.89,0.0,70.05,0,NA,NA
233,0.0,0.0,0.0,6.93,12.13,0.0,0.0,0.0,0.0,0.0,0.0,0.0,1.43,0.0,0.0,0.0,3.45,0.0,76.06,1,LOW,SHEAR-THIN
234,0.0,0.0,0.0,9.21,0.0,12.07,0.0,0.0,0.0,0.0,0.0,0.0,2.57,0.0,0.0,0.0,2.73,0.0,73.42,0,NA,NA
235,0.0,0.0,11.08,0.0,0.0,0.0,0.0,0.0,9.28,0.0,0.0,0.0,1.45,0.0,0.0,0.0,1.64,0.0,76.55,0,NA,NA
236,8.02,0.0,0.0,0.0,0.0,0.0,0.0,0.0,0.0,0.0,9.22,0.0,1.97,0.0,0.0,0.0,4.67,0.0,76.12,0,NA,NA
237,0.0,0.0,0.0,0.0,0.0,0.0,10.79,0.0,0.0,0.0,13.18,0.0,1.32,0.0,0.0,0.0,4.19,0.0,70.52,0,NA,NA
238,0.0,0.0,0.0,8.0,0.0,0.0,0.0,0.0,0.0,0.0,8.48,0.0,1.58,0.0,0.0,0.0,3.43,0.0,78.51,0,NA,NA
239,0.0,0.0,0.0,0.0,0.0,12.48,0.0,7.62,0.0,0.0,0.0,0.0,2.07,0.0,0.0,0.0,4.92,0.0,72.91,0,NA,NA
240,8.22,0.0,0.0,0.0,0.0,9.35,0.0,0.0,0.0,0.0,0.0,0.0,1.02,0.0,0.0,0.0,4.07,0.0,77.34,0,NA,NA
241,0.0,0.0,0.0,6.68,0.0,0.0,0.0,0.0,12.93,0.0,0.0,0.0,1.58,0.0,0.0,0.0,2.99,0.0,75.82,1,LOW,SHEAR-THIN
242,0.0,0.0,0.0,0.0,0.0,0.0,8.68,0.0,13.23,0.0,0.0,0.0,1.42,0.0,0.0,0.0,4.91,0.0,71.76,0,NA,NA
243,0.0,0.0,0.0,0.0,0.0,0.0,0.0,0.0,11.41,0.0,8.8,0.0,1.61,0.0,0.0,0.0,1.22,0.0,76.96,0,NA,NA
244,0.0,0.0,0.0,0.0,0.0,12.64,9.97,0.0,0.0,0.0,0.0,0.0,2.51,0.0,0.0,0.0,4.32,0.0,70.56,0,NA,NA
245,0.0,0.0,0.0,9.3,0.0,0.0,10.07,0.0,0.0,0.0,0.0,0.0,2.66,0.0,0.0,0.0,2.45,0.0,75.52,1,LOW,SHEAR-THIN
246,0.0,0.0,0.0,0.0,7.28,0.0,0.0,0.0,0.0,0.0,0.0,12.58,1.2,0.0,0.0,0.0,1.96,0.0,76.98,1,VERY-LOW,NEWTONIAN
247,0.0,0.0,0.0,0.0,11.85,0.0,0.0,0.0,9.72,0.0,0.0,0.0,2.56,0.0,0.0,0.0,1.72,0.0,74.15,1,LOW,NEWTONIAN
248,0.0,0.0,0.0,0.0,0.0,0.0,0.0,0.0,9.73,0.0,0.0,9.92,2.83,0.0,0.0,0.0,1.46,0.0,76.06,1,VERY-LOW,NEWTONIAN
249,0.0,0.0,0.0,0.0,0.0,9.54,0.0,0.0,0.0,0.0,9.26,0.0,2.17,0.0,0.0,0.0,3.47,0.0,75.56,0,NA,NA
250,0.0,0.0,0.0,0.0,0.0,12.71,0.0,0.0,0.0,12.11,0.0,0.0,2.29,0.0,0.0,0.0,1.4,0.0,71.49,0,NA,NA
251,0.0,12.43,0.0,0.0,0.0,0.0,0.0,11.14,0.0,0.0,0.0,0.0,2.7,0.0,0.0,0.0,4.59,0.0,69.14,0,NA,NA
252,0.0,0.0,0.0,0.0,0.0,10.75,0.0,0.0,10.63,0.0,0.0,0.0,2.06,0.0,0.0,0.0,4.42,0.0,72.14,0,NA,NA
253,0.0,0.0,0.0,0.0,12.3,0.0,0.0,0.0,0.0,0.0,0.0,8.28,2.52,0.0,0.0,0.0,1.04,0.0,75.86,1,VERY-LOW,NEWTONIAN
254,0.0,0.0,0.0,6.75,0.0,0.0,0.0,0.0,0.0,0.0,0.0,13.3,2.92,0.0,0.0,0.0,1.42,0.0,75.61,1,VERY-LOW,NEWTONIAN
255,0.0,0.0,0.0,0.0,0.0,0.0,0.0,0.0,0.0,8.77,0.0,10.54,1.44,0.0,0.0,0.0,1.22,0.0,78.03,0,NA,NA
256,0.0,0.0,0.0,13.82,0.0,0.0,0.0,0.0,0.0,0.0,0.0,10.41,1.05,0.0,0.0,0.0,2.83,0.0,71.89,1,MEDIUM,SHEAR-THIN
257,0.0,0.0,0.0,10.1,0.0,0.0,0.0,0.0,7.96,0.0,0.0,0.0,2.6,0.0,0.0,0.0,2.16,0.0,77.18,0,NA,NA
258,0.0,9.39,0.0,0.0,0.0,0.0,0.0,0.0,0.0,0.0,0.0,12.88,2.07,0.0,0.0,0.0,1.18,0.0,74.48,0,NA,NA
259,0.0,0.0,0.0,0.0,0.0,0.0,0.0,0.0,12.22,0.0,0.0,8.54,1.54,0.0,0.0,0.0,3.0,0.0,74.7,1,LOW,SHEAR-THIN
260,0.0,0.0,0.0,7.27,8.06,0.0,0.0,0.0,0.0,0.0,0.0,0.0,2.91,0.0,0.0,0.0,5.08,0.0,76.68,0,NA,NA
261,0.0,0.0,0.0,0.0,0.0,9.21,0.0,0.0,0.0,0.0,0.0,11.82,1.57,0.0,0.0,0.0,2.76,0.0,74.64,0,NA,NA
262,0.0,0.0,0.0,0.0,0.0,0.0,0.0,6.78,0.0,0.0,0.0,9.18,1.98,0.0,0.0,0.0,1.97,0.0,80.09,0,NA,NA
263,0.0,0.0,0.0,0.0,0.0,0.0,0.0,12.56,0.0,0.0,0.0,12.49,1.43,0.0,0.0,0.0,2.53,0.0,70.99,0,NA,NA
264,0.0,0.0,0.0,0.0,10.85,0.0,0.0,0.0,0.0,0.0,0.0,12.86,2.64,0.0,0.0,0.0,3.3,0.0,70.35,1,MEDIUM,SHEAR-THIN
265,0.0,0.0,0.0,8.7,0.0,0.0,0.0,0.0,0.0,0.0,0.0,8.63,2.58,0.0,0.0,0.0,4.4,0.0,75.69,0,NA,NA
266,0.0,0.0,0.0,13.32,6.72,0.0,0.0,0.0,0.0,0.0,0.0,0.0,1.23,0.0,0.0,0.0,4.58,0.0,74.15,0,NA,NA
267,0.0,0.0,0.0,0.0,0.0,0.0,0.0,0.0,8.55,0.0,0.0,11.25,0.99,0.0,0.0,0.0,2.43,0.0,76.78,1,LOW,NEWTONIAN
268,0.0,0.0,0.0,8.51,0.0,0.0,0.0,0.0,11.53,0.0,0.0,0.0,2.25,0.0,0.0,0.0,1.39,0.0,76.32,1,LOW,NEWTONIAN
269,0.0,0.0,0.0,0.0,9.76,0.0,0.0,0.0,0.0,0.0,0.0,11.42,1.65,0.0,0.0,0.0,4.22,0.0,72.95,0,NA,NA
270,0.0,0.0,0.0,0.0,10.84,0.0,0.0,0.0,12.58,0.0,0.0,0.0,1.85,0.0,0.0,0.0,3.75,0.0,70.98,0,NA,NA
271,0.0,0.0,0.0,0.0,0.0,11.71,0.0,0.0,0.0,0.0,0.0,12.84,1.01,0.0,0.0,0.0,1.35,0.0,73.09,1,HIGH,SHEAR-THIN
272,0.0,0.0,0.0,0.0,0.0,0.0,7.97,0.0,0.0,0.0,0.0,8.24,1.61,0.0,0.0,0.0,1.55,0.0,80.63,1,MEDIUM,SHEAR-THIN
273,0.0,0.0,0.0,12.07,8.2,0.0,0.0,0.0,0.0,0.0,0.0,0.0,1.9,0.0,0.0,0.0,2.28,0.0,75.55,1,LOW,NEWTONIAN
274,0.0,0.0,0.0,12.4,0.0,0.0,0.0,0.0,10.55,0.0,0.0,0.0,2.92,0.0,0.0,0.0,3.56,0.0,70.57,0,NA,NA
275,0.0,0.0,0.0,9.86,12.38,0.0,0.0,0.0,0.0,0.0,0.0,0.0,2.43,0.0,0.0,0.0,1.77,0.0,73.56,1,LOW,NEWTONIAN
276,0.0,0.0,0.0,0.0,0.0,0.0,10.33,0.0,0.0,0.0,0.0,9.28,2.26,0.0,0.0,0.0,2.29,0.0,75.84,0,NA,NA
277,0.0,0.0,0.0,9.05,0.0,0.0,0.0,0.0,0.0,0.0,0.0,11.54,1.17,0.0,0.0,0.0,1.07,0.0,77.17,1,VERY-LOW,NEWTONIAN
278,0.0,0.0,0.0,14.45,12.47,0.0,0.0,0.0,0.0,0.0,0.0,0.0,1.56,0.0,0.0,0.0,1.15,0.0,70.37,1,VERY-LOW,NEWTONIAN
279,0.0,0.0,0.0,0.0,0.0,0.0,12.05,0.0,10.24,0.0,0.0,0.0,1.18,0.0,0.0,0.0,1.29,0.0,75.24,1,VERY-LOW,NEWTONIAN
280,0.0,0.0,0.0,12.48,12.62,0.0,0.0,0.0,0.0,0.0,0.0,0.0,2.72,0.0,0.0,0.0,1.37,0.0,70.81,1,VERY-LOW,NEWTONIAN
281,0.0,0.0,0.0,0.0,13.57,0.0,0.0,0.0,0.0,0.0,0.0,10.86,1.98,0.0,0.0,0.0,1.43,0.0,72.16,1,VERY-LOW,NEWTONIAN
282,0.0,0.0,0.0,0.0,0.0,0.0,0.0,0.0,12.23,0.0,0.0,12.6,1.27,0.0,0.0,0.0,1.7,0.0,72.2,1,VERY-LOW,NEWTONIAN
283,0.0,0.0,0.0,11.82,0.0,0.0,0.0,0.0,0.0,0.0,0.0,12.71,1.27,0.0,0.0,0.0,1.74,0.0,72.46,1,LOW,NEWTONIAN
284,0.0,0.0,0.0,0.0,0.0,0.0,12.36,0.0,12.21,0.0,0.0,0.0,1.75,0.0,0.0,0.0,1.41,0.0,72.27,1,VERY-LOW,NEWTONIAN
285,0.0,0.0,0.0,0.0,0.0,0.0,13.0,0.0,0.0,0.0,0.0,12.79,1.25,0.0,0.0,0.0,1.15,0.0,71.81,1,VERY-LOW,NEWTONIAN
286,0.0,0.0,0.0,0.0,8.69,0.0,0.0,0.0,0.0,0.0,0.0,12.41,1.11,0.0,0.0,0.0,1.28,0.0,76.51,1,VERY-LOW,NEWTONIAN
287,0.0,0.0,0.0,0.0,0.0,0.0,0.0,0.0,11.66,0.0,0.0,12.08,1.65,0.0,0.0,0.0,1.19,0.0,73.42,1,VERY-LOW,NEWTONIAN
288,0.0,0.0,0.0,0.0,12.72,0.0,0.0,0.0,0.0,0.0,0.0,11.62,1.2,0.0,0.0,0.0,1.61,0.0,72.85,1,VERY-LOW,NEWTONIAN
289,0.0,0.0,0.0,8.47,0.0,0.0,0.0,0.0,0.0,0.0,0.0,13.06,2.07,0.0,0.0,0.0,1.17,0.0,75.23,1,VERY-LOW,NEWTONIAN
290,0.0,0.0,0.0,13.92,0.0,0.0,0.0,0.0,0.0,0.0,0.0,9.44,1.33,0.0,0.0,0.0,1.36,0.0,73.95,1,LOW,NEWTONIAN
291,0.0,0.0,0.0,13.95,7.78,0.0,0.0,0.0,0.0,0.0,0.0,0.0,2.81,0.0,0.0,0.0,1.15,0.0,74.31,1,VERY-LOW,NEWTONIAN
292,0.0,0.0,0.0,0.0,12.27,0.0,0.0,0.0,0.0,0.0,0.0,10.43,1.55,0.0,0.0,0.0,1.17,0.0,74.58,1,VERY-LOW,NEWTONIAN
293,0.0,0.0,0.0,12.01,0.0,0.0,0.0,0.0,0.0,0.0,0.0,12.95,1.72,0.0,0.0,0.0,1.59,0.0,71.73,1,LOW,NEWTONIAN
294,0.0,0.0,0.0,0.0,0.0,0.0,12.72,0.0,13.01,0.0,0.0,0.0,1.1,0.0,0.0,0.0,2.09,0.0,71.08,1,VERY-LOW,NEWTONIAN
295,0.0,0.0,0.0,0.0,0.0,0.0,0.0,0.0,12.39,0.0,0.0,9.58,0.85,0.0,0.0,0.0,1.26,0.0,75.92,1,VERY-LOW,NEWTONIAN
296,0.0,0.0,0.0,0.0,8.39,0.0,0.0,0.0,0.0,0.0,0.0,12.93,1.97,0.0,0.0,0.0,1.18,0.0,75.53,1,VERY-LOW,NEWTONIAN
297,0.0,0.0,0.0,12.16,13.08,0.0,0.0,0.0,0.0,0.0,0.0,0.0,2.12,0.0,0.0,0.0,1.41,0.0,71.23,1,VERY-LOW,NEWTONIAN
298,0.0,0.0,0.0,10.17,12.71,0.0,0.0,0.0,0.0,0.0,0.0,0.0,2.53,0.0,0.0,0.0,1.14,0.0,73.45,1,VERY-LOW,NEWTONIAN
299,0.0,0.0,0.0,14.12,0.0,0.0,0.0,0.0,0.0,0.0,0.0,11.25,2.54,0.0,0.0,0.0,1.2,0.0,70.89,1,LOW,NEWTONIAN
300,0.0,0.0,0.0,12.04,0.0,0.0,0.0,0.0,0.0,0.0,0.0,11.58,1.21,0.0,0.0,0.0,1.66,0.0,73.51,1,LOW,SHEAR-THIN
301,0.0,0.0,0.0,11.89,0.0,0.0,0.0,6.69,0.0,0.0,0.0,0.0,0.0,0.0,2.8,0.0,4.99,0.0,73.63,1,MEDIUM,SHEAR-THIN
302,0.0,0.0,10.46,0.0,0.0,0.0,12.66,0.0,0.0,0.0,0.0,0.0,0.0,0.0,1.52,0.0,2.99,0.0,72.37,1,VERY-LOW,NEWTONIAN
303,0.0,0.0,0.0,8.56,0.0,0.0,0.0,0.0,0.0,0.0,0.0,11.09,0.0,0.0,1.84,0.0,3.12,0.0,75.39,0,NA,NA
304,5.44,8.7,0.0,0.0,0.0,0.0,0.0,0.0,0.0,0.0,0.0,0.0,0.0,0.0,2.4,0.0,4.81,0.0,78.65,1,VERY-LOW,NEWTONIAN
305,0.0,9.19,0.0,0.0,11.05,0.0,0.0,0.0,0.0,0.0,0.0,0.0,0.0,0.0,2.53,0.0,3.54,0.0,73.69,1,VERY-LOW,NEWTONIAN
306,0.0,0.0,0.0,0.0,0.0,11.01,0.0,0.0,8.25,0.0,0.0,0.0,0.0,0.0,2.98,0.0,2.41,0.0,75.35,0,NA,NA
307,0.0,0.0,0.0,0.0,0.0,8.9,0.0,0.0,0.0,10.75,0.0,0.0,0.0,0.0,1.82,0.0,1.72,0.0,76.81,1,VERY-LOW,NEWTONIAN
308,8.11,0.0,0.0,0.0,0.0,0.0,0.0,0.0,0.0,0.0,0.0,12.56,0.0,0.0,2.16,0.0,2.34,0.0,74.83,0,NA,NA
309,0.0,0.0,10.68,0.0,0.0,0.0,0.0,0.0,0.0,11.58,0.0,0.0,0.0,0.0,1.91,0.0,1.74,0.0,74.09,1,VERY-LOW,NEWTONIAN
310,0.0,9.06,0.0,0.0,0.0,0.0,0.0,0.0,10.99,0.0,0.0,0.0,0.0,0.0,2.77,0.0,4.65,0.0,72.53,1,MEDIUM,SHEAR-THIN
311,0.0,0.0,0.0,0.0,0.0,0.0,8.16,0.0,0.0,0.0,11.63,0.0,0.0,0.0,2.13,0.0,2.02,0.0,76.06,0,NA,NA
312,0.0,0.0,0.0,0.0,0.0,0.0,0.0,0.0,0.0,0.0,12.8,11.64,0.0,0.0,1.46,0.0,3.18,0.0,70.92,0,NA,NA
313,0.0,0.0,0.0,0.0,12.18,0.0,0.0,0.0,8.62,0.0,0.0,0.0,0.0,0.0,2.4,0.0,1.05,0.0,75.75,1,VERY-LOW,NEWTONIAN
314,0.0,0.0,0.0,11.91,0.0,0.0,0.0,0.0,0.0,10.32,0.0,0.0,0.0,0.0,1.49,0.0,4.48,0.0,71.8,0,NA,NA
315,0.0,11.49,0.0,0.0,0.0,0.0,0.0,0.0,0.0,0.0,8.7,0.0,0.0,0.0,1.05,0.0,3.36,0.0,75.4,1,VERY-LOW,NEWTONIAN
316,0.0,9.39,0.0,0.0,0.0,9.08,0.0,0.0,0.0,0.0,0.0,0.0,0.0,0.0,3.03,0.0,3.03,0.0,75.47,1,VERY-LOW,NEWTONIAN
317,5.15,0.0,0.0,0.0,0.0,0.0,0.0,12.09,0.0,0.0,0.0,0.0,0.0,0.0,2.43,0.0,1.31,0.0,79.02,1,MEDIUM,SHEAR-THIN
318,0.0,0.0,0.0,0.0,0.0,0.0,0.0,8.15,0.0,0.0,0.0,11.34,0.0,0.0,3.4,0.0,4.36,0.0,72.75,1,MEDIUM,SHEAR-THIN
319,0.0,0.0,11.36,0.0,0.0,0.0,0.0,0.0,10.8,0.0,0.0,0.0,0.0,0.0,1.89,0.0,1.53,0.0,74.42,0,NA,NA
320,0.0,0.0,13.13,0.0,0.0,0.0,0.0,0.0,0.0,0.0,0.0,11.72,0.0,0.0,2.24,0.0,2.13,0.0,70.78,0,NA,NA
321,4.94,0.0,0.0,0.0,0.0,9.24,0.0,0.0,0.0,0.0,0.0,0.0,0.0,0.0,2.51,0.0,1.34,0.0,81.97,1,MEDIUM,SHEAR-THIN
322,0.0,0.0,13.58,10.0,0.0,0.0,0.0,0.0,0.0,0.0,0.0,0.0,0.0,0.0,3.05,0.0,3.48,0.0,69.89,1,VERY-LOW,NEWTONIAN
323,0.0,0.0,0.0,0.0,0.0,0.0,12.28,8.37,0.0,0.0,0.0,0.0,0.0,0.0,3.21,0.0,4.5,0.0,71.64,0,NA,NA
324,0.0,0.0,0.0,0.0,8.79,0.0,0.0,13.95,0.0,0.0,0.0,0.0,0.0,0.0,2.39,0.0,1.96,0.0,72.91,0,NA,NA
325,0.0,0.0,0.0,0.0,0.0,0.0,0.0,6.88,0.0,0.0,12.84,0.0,0.0,0.0,3.1,0.0,4.21,0.0,72.97,0,NA,NA
326,0.0,0.0,0.0,0.0,0.0,0.0,0.0,12.72,0.0,12.68,0.0,0.0,0.0,0.0,2.29,0.0,4.95,0.0,67.36,0,NA,NA
327,0.0,0.0,0.0,0.0,0.0,0.0,0.0,0.0,0.0,10.92,9.53,0.0,0.0,0.0,1.75,0.0,4.02,0.0,73.78,1,VERY-LOW,NEWTONIAN
328,5.72,0.0,0.0,0.0,0.0,0.0,0.0,0.0,0.0,10.46,0.0,0.0,0.0,0.0,1.68,0.0,1.59,0.0,80.55,1,VERY-LOW,NEWTONIAN
329,0.0,0.0,6.78,0.0,8.27,0.0,0.0,0.0,0.0,0.0,0.0,0.0,0.0,0.0,1.33,0.0,2.73,0.0,80.89,1,VERY-LOW,NEWTONIAN
330,0.0,0.0,11.94,0.0,0.0,0.0,0.0,11.46,0.0,0.0,0.0,0.0,0.0,0.0,1.64,0.0,3.8,0.0,71.16,1,VERY-LOW,NEWTONIAN
331,0.0,0.0,0.0,0.0,0.0,0.0,11.32,0.0,0.0,12.15,0.0,0.0,0.0,0.0,1.76,0.0,1.63,0.0,73.14,1,VERY-LOW,NEWTONIAN
332,0.0,12.1,0.0,0.0,0.0,0.0,0.0,0.0,0.0,9.18,0.0,0.0,0.0,0.0,2.08,0.0,1.51,0.0,75.13,1,VERY-LOW,NEWTONIAN
333,0.0,0.0,0.0,0.0,11.65,0.0,0.0,0.0,0.0,8.93,0.0,0.0,0.0,0.0,1.51,0.0,4.84,0.0,73.07,1,LOW,NEWTONIAN
334,0.0,11.98,0.0,0.0,0.0,0.0,0.0,0.0,0.0,0.0,0.0,9.54,0.0,0.0,3.26,0.0,4.16,0.0,71.06,0,NA,NA
335,4.68,0.0,0.0,0.0,13.21,0.0,0.0,0.0,0.0,0.0,0.0,0.0,0.0,0.0,1.38,0.0,2.92,0.0,77.81,1,MEDIUM,SHEAR-THIN
336,6.98,0.0,0.0,0.0,0.0,0.0,0.0,0.0,0.0,0.0,9.63,0.0,0.0,0.0,1.04,0.0,3.79,0.0,78.56,1,LOW,SHEAR-THIN
337,0.0,0.0,0.0,0.0,8.38,0.0,0.0,0.0,0.0,0.0,0.0,8.28,0.0,0.0,2.98,0.0,2.21,0.0,78.15,1,MEDIUM,SHEAR-THIN
338,0.0,0.0,0.0,0.0,0.0,0.0,0.0,0.0,0.0,10.39,0.0,12.4,0.0,0.0,2.71,0.0,2.48,0.0,72.02,1,MEDIUM,SHEAR-THIN
339,0.0,0.0,0.0,0.0,0.0,7.86,0.0,6.96,0.0,0.0,0.0,0.0,0.0,0.0,2.16,0.0,2.14,0.0,80.88,1,MEDIUM,SHEAR-THIN
340,0.0,0.0,0.0,0.0,0.0,0.0,0.0,0.0,11.16,12.66,0.0,0.0,0.0,0.0,3.16,0.0,2.51,0.0,70.51,1,VERY-LOW,NEWTONIAN
341,0.0,12.0,0.0,0.0,0.0,0.0,0.0,9.85,0.0,0.0,0.0,0.0,0.0,0.0,3.36,0.0,4.76,0.0,70.03,1,LOW,NEWTONIAN
342,0.0,0.0,0.0,7.44,0.0,0.0,8.77,0.0,0.0,0.0,0.0,0.0,0.0,0.0,3.07,0.0,3.48,0.0,77.24,0,NA,NA
343,0.0,10.3,12.03,0.0,0.0,0.0,0.0,0.0,0.0,0.0,0.0,0.0,0.0,0.0,2.47,0.0,4.76,0.0,70.44,1,VERY-LOW,NEWTONIAN
344,0.0,0.0,9.12,0.0,0.0,0.0,0.0,0.0,0.0,0.0,10.4,0.0,0.0,0.0,1.56,0.0,4.19,0.0,74.73,0,NA,NA
345,3.96,0.0,0.0,0.0,0.0,0.0,11.95,0.0,0.0,0.0,0.0,0.0,0.0,0.0,2.14,0.0,4.92,0.0,77.03,0,NA,NA
346,0.0,0.0,0.0,0.0,0.0,9.19,0.0,0.0,0.0,0.0,0.0,11.5,0.0,0.0,3.22,0.0,5.17,0.0,70.92,0,NA,NA
347,0.0,0.0,0.0,0.0,7.94,9.29,0.0,0.0,0.0,0.0,0.0,0.0,0.0,0.0,3.58,0.0,4.27,0.0,74.92,0,NA,NA
348,0.0,0.0,0.0,10.41,10.66,0.0,0.0,0.0,0.0,0.0,0.0,0.0,0.0,0.0,3.02,0.0,3.46,0.0,72.45,0,NA,NA
349,0.0,0.0,0.0,0.0,0.0,0.0,0.0,10.42,8.88,0.0,0.0,0.0,0.0,0.0,0.99,0.0,1.96,0.0,77.75,1,MEDIUM,SHEAR-THIN
350,0.0,0.0,0.0,0.0,0.0,11.98,0.0,0.0,0.0,0.0,11.44,0.0,0.0,0.0,2.53,0.0,3.66,0.0,70.39,0,NA,NA
351,0.0,0.0,0.0,0.0,0.0,0.0,0.0,0.0,10.56,0.0,9.98,0.0,0.0,0.0,1.77,0.0,1.37,0.0,76.32,1,MEDIUM,SHEAR-THIN
352,0.0,0.0,9.68,0.0,0.0,10.32,0.0,0.0,0.0,0.0,0.0,0.0,0.0,0.0,1.66,0.0,3.09,0.0,75.25,1,VERY-LOW,NEWTONIAN
353,0.0,0.0,0.0,0.0,0.0,9.16,9.06,0.0,0.0,0.0,0.0,0.0,0.0,0.0,3.73,0.0,2.32,0.0,75.73,0,NA,NA
354,4.64,0.0,0.0,8.41,0.0,0.0,0.0,0.0,0.0,0.0,0.0,0.0,0.0,0.0,2.84,0.0,3.42,0.0,80.69,1,MEDIUM,SHEAR-THIN
355,0.0,0.0,0.0,6.88,0.0,0.0,0.0,0.0,8.46,0.0,0.0,0.0,0.0,0.0,1.5,0.0,3.98,0.0,79.18,1,MEDIUM,SHEAR-THIN
356,0.0,0.0,0.0,0.0,8.79,0.0,0.0,0.0,0.0,0.0,7.96,0.0,0.0,0.0,1.9,0.0,1.48,0.0,79.87,1,VERY-LOW,NEWTONIAN
357,0.0,0.0,0.0,0.0,0.0,0.0,8.91,0.0,12.35,0.0,0.0,0.0,0.0,0.0,1.24,0.0,2.72,0.0,74.78,1,LOW,SHEAR-THIN
358,0.0,8.83,0.0,0.0,0.0,0.0,12.89,0.0,0.0,0.0,0.0,0.0,0.0,0.0,1.28,0.0,2.85,0.0,74.15,1,VERY-LOW,NEWTONIAN
359,4.36,0.0,7.88,0.0,0.0,0.0,0.0,0.0,0.0,0.0,0.0,0.0,0.0,0.0,1.35,0.0,3.97,0.0,82.44,0,NA,NA
360,0.0,11.06,0.0,8.33,0.0,0.0,0.0,0.0,0.0,0.0,0.0,0.0,0.0,0.0,2.45,0.0,3.9,0.0,74.26,1,VERY-LOW,NEWTONIAN
361,0.0,0.0,0.0,0.0,0.0,0.0,0.0,0.0,10.03,0.0,0.0,9.91,0.0,0.0,0.96,0.0,1.26,0.0,77.84,1,VERY-LOW,NEWTONIAN
362,0.0,0.0,0.0,0.0,0.0,12.93,0.0,11.41,0.0,0.0,0.0,0.0,0.0,0.0,2.99,0.0,1.34,0.0,71.33,1,MEDIUM,SHEAR-THIN
363,0.0,0.0,0.0,0.0,11.73,0.0,7.76,0.0,0.0,0.0,0.0,0.0,0.0,0.0,1.15,0.0,2.08,0.0,77.28,0,NA,NA
364,0.0,0.0,0.0,7.87,0.0,0.0,0.0,0.0,12.26,0.0,0.0,0.0,0.0,0.0,2.91,0.0,1.15,0.0,75.81,1,VERY-LOW,NEWTONIAN
365,4.59,0.0,0.0,0.0,0.0,0.0,0.0,0.0,0.0,0.0,0.0,8.8,0.0,0.0,1.08,0.0,4.67,0.0,80.86,0,NA,NA
366,0.0,0.0,0.0,0.0,12.1,0.0,0.0,0.0,0.0,0.0,0.0,0.0,0.0,0.0,2.58,0.0,2.95,0.0,82.37,0,NA,NA
367,0.0,0.0,0.0,0.0,0.0,0.0,0.0,0.0,8.22,0.0,10.91,0.0,0.0,0.0,0.99,0.0,4.96,0.0,74.92,0,NA,NA
368,7.89,0.0,0.0,0.0,0.0,0.0,13.08,0.0,0.0,0.0,0.0,0.0,0.0,0.0,1.04,0.0,1.32,0.0,76.67,1,VERY-LOW,NEWTONIAN
369,0.0,0.0,0.0,0.0,0.0,0.0,12.92,0.0,0.0,0.0,0.0,9.69,0.0,0.0,2.76,0.0,2.02,0.0,72.61,0,NA,NA
370,0.0,0.0,0.0,0.0,0.0,0.0,0.0,0.0,13.13,0.0,0.0,8.31,0.0,0.0,2.05,0.0,3.0,0.0,73.51,0,NA,NA
371,0.0,0.0,0.0,0.0,0.0,9.21,13.3,0.0,0.0,0.0,0.0,0.0,0.0,0.0,2.09,0.0,3.79,0.0,71.61,0,NA,NA
372,0.0,0.0,6.06,0.0,0.0,9.37,0.0,0.0,0.0,0.0,0.0,0.0,0.0,0.0,1.32,0.0,1.18,0.0,82.07,1,VERY-LOW,NEWTONIAN
373,0.0,0.0,0.0,8.35,0.0,8.84,0.0,0.0,0.0,0.0,0.0,0.0,0.0,0.0,2.7,0.0,2.72,0.0,77.39,0,NA,NA
374,7.32,0.0,0.0,0.0,0.0,0.0,0.0,0.0,12.74,0.0,0.0,0.0,0.0,0.0,4.02,0.0,4.17,0.0,71.75,0,NA,NA
375,0.0,0.0,0.0,0.0,0.0,0.0,0.0,7.74,11.77,0.0,0.0,0.0,0.0,0.0,1.96,0.0,2.56,0.0,75.97,1,MEDIUM,SHEAR-THIN
376,7.49,0.0,0.0,0.0,0.0,0.0,0.0,14.39,0.0,0.0,0.0,0.0,0.0,0.0,2.03,0.0,4.89,0.0,71.2,0,NA,NA
377,0.0,0.0,0.0,10.2,0.0,0.0,0.0,0.0,0.0,0.0,8.25,0.0,0.0,0.0,2.34,0.0,2.42,0.0,76.79,1,MEDIUM,SHEAR-THIN
378,0.0,0.0,0.0,0.0,0.0,0.0,7.69,0.0,10.02,0.0,0.0,0.0,0.0,0.0,2.58,0.0,4.65,0.0,75.06,0,NA,NA
379,0.0,0.0,7.4,0.0,0.0,0.0,0.0,7.49,0.0,0.0,0.0,0.0,0.0,0.0,3.09,0.0,2.3,0.0,79.72,1,VERY-LOW,NEWTONIAN
380,0.0,0.0,0.0,0.0,12.64,0.0,0.0,0.0,10.33,0.0,0.0,0.0,0.0,0.0,1.78,0.0,4.2,0.0,71.05,1,LOW,NEWTONIAN
381,0.0,0.0,9.36,0.0,0.0,0.0,0.0,0.0,0.0,0.0,0.0,7.89,0.0,0.0,3.28,0.0,5.08,0.0,74.39,0,NA,NA
382,7.51,0.0,0.0,0.0,9.98,0.0,0.0,0.0,0.0,0.0,0.0,0.0,0.0,0.0,3.33,0.0,5.01,0.0,74.17,1,MEDIUM,SHEAR-THIN
383,0.0,0.0,0.0,0.0,0.0,0.0,8.8,13.42,0.0,0.0,0.0,0.0,0.0,0.0,2.2,0.0,5.0,0.0,70.58,0,NA,NA
384,0.0,0.0,0.0,6.64,0.0,0.0,0.0,0.0,0.0,0.0,10.63,0.0,0.0,0.0,3.41,0.0,3.18,0.0,76.14,0,NA,NA
385,0.0,11.62,0.0,7.35,0.0,0.0,0.0,0.0,0.0,0.0,0.0,0.0,0.0,2.9,0.0,0.0,0.0,2.97,75.16,0,NA,NA
386,0.0,0.0,0.0,0.0,0.0,0.0,8.57,0.0,11.87,0.0,0.0,0.0,0.0,3.13,0.0,0.0,0.0,4.56,71.87,0,NA,NA
387,0.0,0.0,0.0,0.0,0.0,0.0,8.39,0.0,0.0,8.01,0.0,0.0,0.0,3.08,0.0,0.0,0.0,3.01,77.51,0,NA,NA
388,0.0,9.46,0.0,0.0,0.0,0.0,0.0,0.0,0.0,9.75,0.0,0.0,0.0,3.05,0.0,0.0,0.0,3.38,74.36,0,NA,NA
389,0.0,0.0,0.0,8.69,0.0,7.84,0.0,0.0,0.0,0.0,0.0,0.0,0.0,2.96,0.0,0.0,0.0,2.01,78.5,0,NA,NA
390,0.0,12.33,0.0,0.0,0.0,0.0,8.18,0.0,0.0,0.0,0.0,0.0,0.0,3.72,0.0,0.0,0.0,3.77,72.0,1,LOW,SHEAR-THIN
391,0.0,0.0,0.0,0.0,0.0,0.0,0.0,0.0,0.0,12.85,9.76,0.0,0.0,1.27,0.0,0.0,0.0,1.77,74.35,0,NA,NA
392,0.0,0.0,10.17,0.0,0.0,0.0,0.0,0.0,0.0,0.0,10.54,0.0,0.0,1.67,0.0,0.0,0.0,3.34,74.28,0,NA,NA
393,0.0,9.01,0.0,0.0,0.0,0.0,0.0,9.98,0.0,0.0,0.0,0.0,0.0,2.61,0.0,0.0,0.0,4.19,74.21,0,NA,NA
394,0.0,0.0,0.0,0.0,7.83,0.0,0.0,0.0,0.0,0.0,9.36,0.0,0.0,1.95,0.0,0.0,0.0,5.21,75.65,0,NA,NA
395,7.9,0.0,0.0,0.0,0.0,0.0,0.0,0.0,0.0,12.39,0.0,0.0,0.0,2.59,0.0,0.0,0.0,2.7,74.42,0,NA,NA
396,0.0,9.85,0.0,0.0,0.0,0.0,0.0,0.0,0.0,0.0,0.0,12.04,0.0,1.78,0.0,0.0,0.0,1.72,74.61,0,NA,NA
397,0.0,0.0,0.0,0.0,12.23,0.0,0.0,0.0,0.0,8.67,0.0,0.0,0.0,2.27,0.0,0.0,0.0,3.08,73.75,0,NA,NA
398,0.0,0.0,0.0,0.0,0.0,10.08,0.0,0.0,10.44,0.0,0.0,0.0,0.0,1.79,0.0,0.0,0.0,2.8,74.89,0,NA,NA
399,7.84,0.0,0.0,0.0,0.0,0.0,0.0,0.0,11.92,0.0,0.0,0.0,0.0,2.84,0.0,0.0,0.0,1.74,75.66,0,NA,NA
400,0.0,0.0,0.0,0.0,0.0,0.0,0.0,6.71,0.0,0.0,12.79,0.0,0.0,1.69,0.0,0.0,0.0,3.73,75.08,0,NA,NA
401,0.0,0.0,0.0,10.56,0.0,0.0,0.0,0.0,0.0,0.0,0.0,12.9,0.0,2.92,0.0,0.0,0.0,4.44,69.18,0,NA,NA
402,6.28,11.14,0.0,0.0,0.0,0.0,0.0,0.0,0.0,0.0,0.0,0.0,0.0,1.69,0.0,0.0,0.0,4.38,76.51,0,NA,NA
403,0.0,0.0,0.0,0.0,0.0,0.0,0.0,0.0,0.0,0.0,12.47,10.37,0.0,2.46,0.0,0.0,0.0,4.08,70.62,0,NA,NA
404,0.0,8.36,0.0,0.0,7.85,0.0,0.0,0.0,0.0,0.0,0.0,0.0,0.0,1.86,0.0,0.0,0.0,2.26,79.67,0,NA,NA
405,6.92,0.0,0.0,0.0,0.0,9.35,0.0,0.0,0.0,0.0,0.0,0.0,0.0,3.48,0.0,0.0,0.0,2.97,77.28,0,NA,NA
406,0.0,0.0,0.0,0.0,0.0,0.0,9.91,0.0,0.0,0.0,0.0,10.86,0.0,2.96,0.0,0.0,0.0,4.82,71.45,0,NA,NA
407,0.0,0.0,0.0,0.0,0.0,0.0,0.0,0.0,9.91,11.48,0.0,0.0,0.0,3.37,0.0,0.0,0.0,4.94,70.3,0,NA,NA
408,0.0,0.0,9.37,0.0,0.0,0.0,0.0,11.17,0.0,0.0,0.0,0.0,0.0,4.86,0.0,0.0,0.0,2.68,71.92,0,NA,NA
409,5.48,0.0,0.0,7.44,0.0,0.0,0.0,0.0,0.0,0.0,0.0,0.0,0.0,1.74,0.0,0.0,0.0,1.41,83.93,0,NA,NA
410,0.0,0.0,0.0,0.0,0.0,0.0,0.0,10.92,0.0,12.26,0.0,0.0,0.0,1.32,0.0,0.0,0.0,4.58,70.92,0,NA,NA
411,0.0,0.0,0.0,13.02,0.0,0.0,0.0,0.0,12.25,0.0,0.0,0.0,0.0,2.51,0.0,0.0,0.0,1.94,70.28,0,NA,NA
412,0.0,0.0,0.0,0.0,0.0,0.0,7.76,11.43,0.0,0.0,0.0,0.0,0.0,1.79,0.0,0.0,0.0,1.97,77.05,0,NA,NA
413,0.0,0.0,8.02,0.0,0.0,0.0,0.0,0.0,0.0,9.53,0.0,0.0,0.0,2.65,0.0,0.0,0.0,1.92,77.88,0,NA,NA
414,0.0,0.0,0.0,0.0,12.49,0.0,0.0,0.0,0.0,0.0,0.0,7.84,0.0,3.03,0.0,0.0,0.0,4.93,71.71,0,NA,NA
415,0.0,0.0,0.0,0.0,8.2,8.17,0.0,0.0,0.0,0.0,0.0,0.0,0.0,1.66,0.0,0.0,0.0,4.12,77.85,0,NA,NA
416,6.99,0.0,0.0,0.0,0.0,0.0,0.0,0.0,0.0,0.0,13.71,0.0,0.0,1.51,0.0,0.0,0.0,3.06,74.73,0,NA,NA
417,0.0,0.0,9.94,0.0,0.0,0.0,0.0,0.0,0.0,0.0,0.0,11.32,0.0,2.9,0.0,0.0,0.0,2.55,73.29,0,NA,NA
418,0.0,0.0,8.38,0.0,0.0,0.0,0.0,0.0,11.76,0.0,0.0,0.0,0.0,1.44,0.0,0.0,0.0,4.09,74.33,1,MEDIUM,NEWTONIAN
419,0.0,0.0,0.0,0.0,0.0,0.0,0.0,0.0,12.69,0.0,0.0,11.76,0.0,3.42,0.0,0.0,0.0,1.6,70.53,1,VERY-LOW,NEWTONIAN
420,0.0,11.39,0.0,0.0,0.0,0.0,0.0,0.0,0.0,0.0,9.27,0.0,0.0,2.03,0.0,0.0,0.0,4.14,73.17,0,NA,NA
421,0.0,0.0,12.39,0.0,0.0,0.0,12.63,0.0,0.0,0.0,0.0,0.0,0.0,2.5,0.0,0.0,0.0,3.11,69.37,1,LOW,NEWTONIAN
422,4.1,0.0,9.35,0.0,0.0,0.0,0.0,0.0,0.0,0.0,0.0,0.0,0.0,1.36,0.0,0.0,0.0,3.35,81.84,0,NA,NA
423,0.0,0.0,0.0,0.0,0.0,10.99,0.0,0.0,0.0,0.0,0.0,9.56,0.0,2.96,0.0,0.0,0.0,4.8,71.69,0,NA,NA
424,0.0,0.0,0.0,7.56,0.0,0.0,0.0,0.0,0.0,0.0,0.0,8.35,0.0,2.41,0.0,0.0,0.0,2.33,79.35,0,NA,NA
425,5.85,0.0,0.0,0.0,0.0,0.0,0.0,7.47,0.0,0.0,0.0,0.0,0.0,3.66,0.0,0.0,0.0,4.03,78.99,0,NA,NA
426,0.0,0.0,0.0,0.0,0.0,0.0,0.0,0.0,12.68,0.0,11.23,0.0,0.0,2.26,0.0,0.0,0.0,3.92,69.91,0,NA,NA
427,0.0,0.0,6.51,0.0,0.0,0.0,0.0,0.0,0.0,0.0,0.0,12.82,0.0,1.62,0.0,0.0,0.0,4.46,74.59,0,NA,NA
428,0.0,0.0,0.0,11.3,10.39,0.0,0.0,0.0,0.0,0.0,0.0,0.0,0.0,1.45,0.0,0.0,0.0,2.13,74.73,0,NA,NA
429,0.0,0.0,0.0,0.0,8.29,0.0,0.0,0.0,0.0,0.0,0.0,12.83,0.0,3.05,0.0,0.0,0.0,3.34,72.49,0,NA,NA
430,0.0,0.0,0.0,13.03,0.0,0.0,0.0,7.4,0.0,0.0,0.0,0.0,0.0,2.89,0.0,0.0,0.0,2.77,73.91,0,NA,NA
431,0.0,0.0,0.0,8.94,0.0,0.0,0.0,0.0,0.0,10.31,0.0,0.0,0.0,3.82,0.0,0.0,0.0,1.47,75.46,0,NA,NA
432,0.0,0.0,0.0,0.0,0.0,9.67,7.77,0.0,0.0,0.0,0.0,0.0,0.0,2.12,0.0,0.0,0.0,3.48,76.96,0,NA,NA
433,0.0,0.0,0.0,0.0,0.0,9.96,0.0,11.4,0.0,0.0,0.0,0.0,0.0,2.0,0.0,0.0,0.0,3.9,72.74,0,NA,NA
434,0.0,0.0,0.0,6.64,0.0,0.0,0.0,0.0,0.0,0.0,10.15,0.0,0.0,1.5,0.0,0.0,0.0,3.68,78.03,0,NA,NA
435,5.15,0.0,0.0,0.0,0.0,0.0,0.0,0.0,0.0,0.0,0.0,8.86,0.0,2.38,0.0,0.0,0.0,5.52,78.09,0,NA,NA
436,0.0,0.0,0.0,0.0,0.0,0.0,0.0,0.0,8.33,0.0,8.83,0.0,0.0,2.56,0.0,0.0,0.0,2.04,78.24,0,NA,NA
437,10.57,0.0,0.0,0.0,0.0,0.0,0.0,0.0,0.0,0.0,0.0,13.07,0.0,1.99,0.0,0.0,0.0,2.46,71.91,0,NA,NA
438,7.97,0.0,0.0,0.0,0.0,0.0,0.0,0.0,11.27,0.0,0.0,0.0,0.0,2.33,0.0,0.0,0.0,4.43,74.0,0,NA,NA
439,0.0,0.0,0.0,0.0,0.0,0.0,0.0,0.0,0.0,12.7,0.0,8.82,0.0,2.65,0.0,0.0,0.0,4.18,71.65,0,NA,NA
440,0.0,0.0,0.0,0.0,0.0,11.06,0.0,0.0,0.0,12.12,0.0,0.0,0.0,2.33,0.0,0.0,0.0,3.95,70.54,0,NA,NA
441,0.0,0.0,0.0,0.0,0.0,0.0,0.0,0.0,12.39,8.28,0.0,0.0,0.0,2.64,0.0,0.0,0.0,2.61,74.08,0,NA,NA
442,0.0,0.0,0.0,0.0,0.0,10.07,0.0,0.0,0.0,0.0,8.11,0.0,0.0,3.47,0.0,0.0,0.0,2.85,75.5,0,NA,NA
443,0.0,10.39,0.0,0.0,0.0,10.47,0.0,0.0,0.0,0.0,0.0,0.0,0.0,3.05,0.0,0.0,0.0,2.0,74.09,1,VERY-LOW,NEWTONIAN
444,0.0,0.0,10.6,0.0,0.0,0.0,0.0,7.03,0.0,0.0,0.0,0.0,0.0,2.61,0.0,0.0,0.0,2.19,77.57,0,NA,NA
445,0.0,0.0,0.0,0.0,0.0,0.0,0.0,6.61,10.77,0.0,0.0,0.0,0.0,2.38,0.0,0.0,0.0,4.97,75.27,0,NA,NA
446,0.0,11.35,0.0,0.0,0.0,0.0,0.0,0.0,0.0,0.0,0.0,9.67,0.0,1.94,0.0,0.0,0.0,3.8,73.24,0,NA,NA
447,0.0,8.88,0.0,0.0,0.0,0.0,0.0,0.0,0.0,11.94,0.0,0.0,0.0,1.85,0.0,0.0,0.0,2.42,74.91,0,NA,NA
448,0.0,0.0,9.47,11.5,0.0,0.0,0.0,0.0,0.0,0.0,0.0,0.0,0.0,2.52,0.0,0.0,0.0,3.7,72.81,0,NA,NA
449,0.0,0.0,0.0,0.0,0.0,11.97,11.47,0.0,0.0,0.0,0.0,0.0,0.0,3.0,0.0,0.0,0.0,4.73,68.83,0,NA,NA
450,0.0,0.0,0.0,0.0,0.0,0.0,0.0,0.0,0.0,0.0,8.07,11.55,0.0,2.98,0.0,0.0,0.0,3.0,74.4,0,NA,NA
451,0.0,0.0,0.0,0.0,0.0,8.79,0.0,0.0,0.0,8.36,0.0,0.0,0.0,0.62,0.0,0.0,0.0,1.5,80.73,0,NA,NA
452,0.0,0.0,11.06,0.0,0.0,13.3,0.0,0.0,0.0,0.0,0.0,0.0,0.0,1.66,0.0,0.0,0.0,1.92,72.06,1,VERY-LOW,NEWTONIAN
453,0.0,12.73,0.0,0.0,0.0,13.56,0.0,0.0,0.0,0.0,0.0,0.0,0.0,1.16,0.0,0.0,0.0,4.94,67.61,0,NA,NA
454,4.97,0.0,0.0,0.0,0.0,0.0,0.0,0.0,0.0,0.0,8.47,0.0,0.0,1.13,0.0,0.0,0.0,5.64,79.79,0,NA,NA
455,0.0,0.0,0.0,0.0,0.0,0.0,0.0,6.76,0.0,0.0,0.0,11.03,0.0,0.88,0.0,0.0,0.0,3.85,77.48,0,NA,NA
456,0.0,0.0,0.0,0.0,0.0,0.0,11.82,0.0,0.0,0.0,9.33,0.0,0.0,1.94,0.0,0.0,0.0,1.9,75.01,0,NA,NA
457,0.0,0.0,0.0,8.87,0.0,8.47,0.0,0.0,0.0,0.0,0.0,0.0,0.0,1.26,0.0,0.0,0.0,2.75,78.65,0,NA,NA
458,0.0,0.0,0.0,0.0,11.62,0.0,11.86,0.0,0.0,0.0,0.0,0.0,0.0,1.1,0.0,0.0,0.0,3.8,71.62,0,NA,NA
459,0.0,7.47,0.0,0.0,0.0,0.0,0.0,0.0,0.0,0.0,10.48,0.0,0.0,1.59,0.0,0.0,0.0,2.04,78.42,0,NA,NA
460,0.0,0.0,0.0,10.86,0.0,0.0,0.0,9.96,0.0,0.0,0.0,0.0,0.0,1.8,0.0,0.0,0.0,1.73,75.65,0,NA,NA
461,0.0,0.0,0.0,0.0,9.37,0.0,0.0,0.0,0.0,12.53,0.0,0.0,0.0,1.66,0.0,0.0,0.0,2.03,74.41,0,NA,NA
462,7.17,0.0,0.0,0.0,0.0,8.9,0.0,0.0,0.0,0.0,0.0,0.0,0.0,1.33,0.0,0.0,0.0,4.54,78.06,0,NA,NA
463,0.0,0.0,0.0,0.0,0.0,8.52,0.0,0.0,8.94,0.0,0.0,0.0,0.0,1.9,0.0,0.0,0.0,4.35,76.29,0,NA,NA
464,0.0,0.0,0.0,0.0,0.0,0.0,0.0,0.0,12.38,0.0,0.0,9.94,0.0,0.79,0.0,0.0,0.0,5.15,71.74,0,NA,NA
465,0.0,0.0,0.0,0.0,0.0,0.0,9.48,0.0,12.71,0.0,0.0,0.0,0.0,1.59,0.0,0.0,0.0,2.91,73.31,0,NA,NA
466,0.0,0.0,0.0,0.0,12.05,0.0,0.0,0.0,8.58,0.0,0.0,0.0,0.0,2.33,0.0,0.0,0.0,1.96,75.08,0,NA,NA
467,4.18,0.0,0.0,0.0,0.0,0.0,10.24,0.0,0.0,0.0,0.0,0.0,0.0,1.26,0.0,0.0,0.0,4.09,80.23,0,NA,NA
468,0.0,0.0,11.45,0.0,0.0,0.0,0.0,0.0,0.0,11.43,0.0,0.0,0.0,1.92,0.0,0.0,0.0,2.89,72.31,0,NA,NA
469,0.0,0.0,11.73,0.0,0.0,0.0,0.0,0.0,0.0,12.8,0.0,0.0,0.0,2.65,0.0,0.0,2.04,0.0,70.78,0,NA,NA
470,0.0,0.0,0.0,0.0,0.0,0.0,0.0,10.03,8.08,0.0,0.0,0.0,0.0,2.12,0.0,0.0,5.08,0.0,74.69,0,NA,NA
471,0.0,7.57,0.0,0.0,0.0,0.0,0.0,0.0,0.0,0.0,9.7,0.0,0.0,2.02,0.0,0.0,3.31,0.0,77.4,0,NA,NA
472,0.0,0.0,9.46,0.0,0.0,0.0,7.99,0.0,0.0,0.0,0.0,0.0,0.0,2.42,0.0,0.0,3.64,0.0,76.49,0,NA,NA
473,0.0,9.05,0.0,0.0,0.0,0.0,11.56,0.0,0.0,0.0,0.0,0.0,0.0,2.14,0.0,0.0,3.8,0.0,73.45,0,NA,NA
474,0.0,0.0,0.0,0.0,0.0,0.0,11.41,0.0,0.0,9.02,0.0,0.0,0.0,1.81,0.0,0.0,3.7,0.0,74.06,0,NA,NA
475,0.0,0.0,7.43,0.0,0.0,11.73,0.0,0.0,0.0,0.0,0.0,0.0,0.0,1.59,0.0,0.0,2.95,0.0,76.3,0,NA,NA
476,0.0,0.0,0.0,11.93,0.0,0.0,8.12,0.0,0.0,0.0,0.0,0.0,0.0,1.35,0.0,0.0,3.39,0.0,75.21,0,NA,NA
477,0.0,0.0,0.0,9.75,0.0,0.0,0.0,0.0,0.0,0.0,0.0,10.91,0.0,1.76,0.0,0.0,4.47,0.0,73.11,1,MEDIUM,SHEAR-THIN
478,0.0,0.0,0.0,0.0,7.21,0.0,0.0,0.0,0.0,11.67,0.0,0.0,0.0,1.62,0.0,0.0,4.44,0.0,75.06,0,NA,NA
479,0.0,0.0,0.0,0.0,13.99,0.0,0.0,9.61,0.0,0.0,0.0,0.0,0.0,2.19,0.0,0.0,3.54,0.0,70.67,0,NA,NA
480,0.0,0.0,13.0,13.32,0.0,0.0,0.0,0.0,0.0,0.0,0.0,0.0,0.0,2.45,0.0,0.0,2.31,0.0,68.92,0,NA,NA
481,0.0,0.0,11.2,0.0,0.0,0.0,0.0,6.73,0.0,0.0,0.0,0.0,0.0,2.38,0.0,0.0,3.07,0.0,76.62,0,NA,NA
482,0.0,0.0,0.0,0.0,0.0,0.0,0.0,0.0,0.0,9.64,10.49,0.0,0.0,2.03,0.0,0.0,3.39,0.0,74.45,0,NA,NA
483,0.0,0.0,0.0,0.0,8.47,0.0,0.0,0.0,0.0,0.0,0.0,9.08,0.0,3.69,0.0,0.0,3.84,0.0,74.92,0,NA,NA
484,0.0,0.0,0.0,6.7,0.0,0.0,0.0,0.0,0.0,0.0,10.11,0.0,0.0,2.37,0.0,0.0,2.65,0.0,78.17,0,NA,NA
485,0.0,0.0,0.0,0.0,0.0,0.0,0.0,0.0,0.0,12.03,0.0,12.04,0.0,2.41,0.0,0.0,1.89,0.0,71.63,0,NA,NA
486,0.0,9.6,0.0,0.0,0.0,10.87,0.0,0.0,0.0,0.0,0.0,0.0,0.0,1.91,0.0,0.0,4.52,0.0,73.1,0,NA,NA
487,0.0,12.26,0.0,0.0,0.0,0.0,0.0,0.0,0.0,0.0,0.0,11.74,0.0,3.6,0.0,0.0,1.64,0.0,70.76,0,NA,NA
488,0.0,0.0,0.0,9.28,0.0,0.0,0.0,7.31,0.0,0.0,0.0,0.0,0.0,2.11,0.0,0.0,4.96,0.0,76.34,0,NA,NA
489,0.0,0.0,0.0,0.0,0.0,0.0,0.0,0.0,8.32,0.0,0.0,10.77,0.0,3.07,0.0,0.0,2.16,0.0,75.68,1,LOW,NEWTONIAN
490,0.0,0.0,0.0,0.0,0.0,0.0,0.0,12.75,0.0,11.91,0.0,0.0,0.0,3.73,0.0,0.0,4.47,0.0,67.14,0,NA,NA
491,4.06,11.23,0.0,0.0,0.0,0.0,0.0,0.0,0.0,0.0,0.0,0.0,0.0,2.73,0.0,0.0,4.34,0.0,77.64,0,NA,NA
492,0.0,11.42,0.0,0.0,8.2,0.0,0.0,0.0,0.0,0.0,0.0,0.0,0.0,3.59,0.0,0.0,4.96,0.0,71.83,0,NA,NA
493,4.62,0.0,0.0,0.0,0.0,0.0,0.0,0.0,0.0,0.0,0.0,13.36,0.0,2.27,0.0,0.0,4.76,0.0,74.99,0,NA,NA
494,0.0,0.0,0.0,0.0,0.0,0.0,0.0,0.0,0.0,0.0,11.16,9.57,0.0,3.16,0.0,0.0,3.26,0.0,72.85,0,NA,NA
495,0.0,11.56,0.0,0.0,0.0,0.0,0.0,0.0,10.04,0.0,0.0,0.0,0.0,2.9,0.0,0.0,3.97,0.0,71.53,1,LOW,NEWTONIAN
496,0.0,0.0,0.0,0.0,0.0,12.95,0.0,7.02,0.0,0.0,0.0,0.0,0.0,2.6,0.0,0.0,1.21,0.0,76.22,1,MEDIUM,SHEAR-THIN
497,0.0,0.0,0.0,11.62,0.0,0.0,0.0,0.0,0.0,11.92,0.0,0.0,0.0,2.22,0.0,0.0,4.38,0.0,69.86,0,NA,NA
498,0.0,0.0,0.0,0.0,0.0,0.0,12.17,0.0,12.56,0.0,0.0,0.0,0.0,1.76,0.0,0.0,4.23,0.0,69.28,1,MEDIUM,SHEAR-THIN
499,0.0,0.0,0.0,0.0,0.0,8.47,0.0,0.0,0.0,9.12,0.0,0.0,0.0,2.78,0.0,0.0,1.14,0.0,78.49,0,NA,NA
500,4.7,0.0,0.0,0.0,0.0,0.0,0.0,6.76,0.0,0.0,0.0,0.0,0.0,2.71,0.0,0.0,1.77,0.0,84.06,0,NA,NA
501,0.0,0.0,7.85,0.0,0.0,0.0,0.0,0.0,10.09,0.0,0.0,0.0,0.0,2.8,0.0,0.0,2.31,0.0,76.95,0,NA,NA
502,0.0,0.0,12.24,0.0,0.0,0.0,0.0,0.0,0.0,0.0,0.0,12.55,0.0,3.71,0.0,0.0,1.31,0.0,70.19,0,NA,NA
503,6.24,0.0,0.0,0.0,0.0,8.85,0.0,0.0,0.0,0.0,0.0,0.0,0.0,3.23,0.0,0.0,1.44,0.0,80.24,0,NA,NA
504,0.0,0.0,0.0,0.0,0.0,0.0,10.87,0.0,0.0,0.0,11.97,0.0,0.0,2.85,0.0,0.0,3.54,0.0,70.77,0,NA,NA
505,0.0,0.0,0.0,0.0,0.0,12.22,0.0,0.0,0.0,0.0,0.0,8.54,0.0,1.81,0.0,0.0,1.86,0.0,75.57,0,NA,NA
506,0.0,0.0,0.0,0.0,7.73,0.0,12.38,0.0,0.0,0.0,0.0,0.0,0.0,1.82,0.0,0.0,2.97,0.0,75.1,0,NA,NA
507,0.0,0.0,0.0,0.0,0.0,0.0,0.0,0.0,8.97,10.65,0.0,0.0,0.0,2.69,0.0,0.0,5.06,0.0,72.63,0,NA,NA
508,5.07,0.0,0.0,0.0,0.0,0.0,0.0,0.0,0.0,9.44,0.0,0.0,0.0,3.34,0.0,0.0,2.87,0.0,79.28,0,NA,NA
509,0.0,0.0,0.0,0.0,9.68,0.0,0.0,0.0,9.39,0.0,0.0,0.0,0.0,2.88,0.0,0.0,2.43,0.0,75.62,1,LOW,SHEAR-THIN
510,8.11,0.0,0.0,0.0,0.0,0.0,10.5,0.0,0.0,0.0,0.0,0.0,0.0,2.2,0.0,0.0,5.0,0.0,74.19,0,NA,NA
511,5.06,0.0,0.0,0.0,0.0,0.0,0.0,0.0,0.0,0.0,8.78,0.0,0.0,2.42,0.0,0.0,2.81,0.0,80.93,0,NA,NA
512,0.0,0.0,0.0,0.0,8.01,12.84,0.0,0.0,0.0,0.0,0.0,0.0,0.0,2.18,0.0,0.0,1.52,0.0,75.45,0,NA,NA
513,0.0,9.87,0.0,0.0,0.0,0.0,0.0,0.0,0.0,12.32,0.0,0.0,0.0,2.12,0.0,0.0,1.57,0.0,74.12,0,NA,NA
514,0.0,0.0,7.11,0.0,8.84,0.0,0.0,0.0,0.0,0.0,0.0,0.0,0.0,1.78,0.0,0.0,1.84,0.0,80.43,0,NA,NA
515,0.0,0.0,0.0,0.0,0.0,0.0,11.87,0.0,0.0,0.0,0.0,9.65,0.0,2.05,0.0,0.0,3.98,0.0,72.45,0,NA,NA
516,0.0,0.0,0.0,10.95,13.65,0.0,0.0,0.0,0.0,0.0,0.0,0.0,0.0,2.06,0.0,0.0,4.65,0.0,68.69,0,NA,NA
517,5.61,0.0,0.0,0.0,9.0,0.0,0.0,0.0,0.0,0.0,0.0,0.0,0.0,2.8,0.0,0.0,2.79,0.0,79.8,0,NA,NA
518,0.0,0.0,0.0,0.0,0.0,0.0,0.0,9.9,0.0,0.0,0.0,10.89,0.0,3.26,0.0,0.0,3.98,0.0,71.97,0,NA,NA
519,0.0,0.0,0.0,0.0,0.0,7.81,11.32,0.0,0.0,0.0,0.0,0.0,0.0,2.82,0.0,0.0,2.26,0.0,75.79,1,HIGH,SHEAR-THIN
520,0.0,0.0,0.0,0.0,0.0,9.49,0.0,0.0,9.19,0.0,0.0,0.0,0.0,3.58,0.0,0.0,2.86,0.0,74.88,0,NA,NA
521,0.0,0.0,0.0,0.0,0.0,0.0,0.0,0.0,11.42,0.0,10.24,0.0,0.0,1.77,0.0,0.0,2.51,0.0,74.06,0,NA,NA
522,0.0,0.0,0.0,0.0,0.0,0.0,0.0,8.06,0.0,0.0,11.28,0.0,0.0,1.29,0.0,0.0,1.38,0.0,77.99,0,NA,NA
523,7.63,0.0,0.0,0.0,0.0,0.0,0.0,0.0,0.0,12.49,0.0,0.0,0.0,0.0,0.0,2.33,1.62,0.0,75.93,1,VERY-LOW,NEWTONIAN
524,0.0,0.0,0.0,0.0,10.55,0.0,12.59,0.0,0.0,0.0,0.0,0.0,0.0,0.0,0.0,2.48,2.62,0.0,71.76,1,MEDIUM,SHEAR-THIN
525,0.0,0.0,12.24,0.0,12.89,0.0,0.0,0.0,0.0,0.0,0.0,0.0,0.0,0.0,0.0,2.17,1.19,0.0,71.51,1,VERY-LOW,NEWTONIAN
526,0.0,0.0,0.0,0.0,0.0,8.16,0.0,0.0,12.48,0.0,0.0,0.0,0.0,0.0,0.0,2.14,2.17,0.0,75.05,0,NA,NA
527,0.0,0.0,9.52,0.0,0.0,0.0,0.0,7.08,0.0,0.0,0.0,0.0,0.0,0.0,0.0,2.34,2.98,0.0,78.08,1,VERY-LOW,NEWTONIAN
528,0.0,8.26,12.84,0.0,0.0,0.0,0.0,0.0,0.0,0.0,0.0,0.0,0.0,0.0,0.0,2.01,2.42,0.0,74.47,1,VERY-LOW,NEWTONIAN
529,4.71,0.0,0.0,0.0,0.0,0.0,0.0,0.0,0.0,0.0,9.95,0.0,0.0,0.0,0.0,2.28,3.61,0.0,79.45,0,NA,NA
530,0.0,0.0,0.0,0.0,0.0,11.07,12.64,0.0,0.0,0.0,0.0,0.0,0.0,0.0,0.0,1.68,4.88,0.0,69.73,0,NA,NA
531,0.0,0.0,0.0,0.0,0.0,0.0,10.64,0.0,0.0,0.0,9.14,0.0,0.0,0.0,0.0,1.41,2.36,0.0,76.45,0,NA,NA
532,0.0,0.0,0.0,0.0,10.52,0.0,0.0,0.0,0.0,11.99,0.0,0.0,0.0,0.0,0.0,1.53,3.93,0.0,72.03,1,VERY-LOW,NEWTONIAN
533,0.0,0.0,0.0,0.0,0.0,0.0,0.0,0.0,0.0,9.03,8.86,0.0,0.0,0.0,0.0,2.67,1.51,0.0,77.93,1,VERY-LOW,NEWTONIAN
534,0.0,0.0,0.0,0.0,0.0,0.0,10.09,0.0,0.0,10.6,0.0,0.0,0.0,0.0,0.0,2.75,1.41,0.0,75.15,1,VERY-LOW,NEWTONIAN
535,0.0,0.0,7.43,0.0,0.0,0.0,0.0,0.0,13.4,0.0,0.0,0.0,0.0,0.0,0.0,2.05,3.39,0.0,73.73,0,NA,NA
536,0.0,0.0,0.0,12.15,0.0,0.0,0.0,7.85,0.0,0.0,0.0,0.0,0.0,0.0,0.0,2.47,1.85,0.0,75.68,0,NA,NA
537,0.0,9.61,0.0,0.0,0.0,0.0,12.37,0.0,0.0,0.0,0.0,0.0,0.0,0.0,0.0,2.2,5.11,0.0,70.71,0,NA,NA
538,0.0,0.0,0.0,0.0,0.0,0.0,0.0,14.27,0.0,0.0,7.86,0.0,0.0,0.0,0.0,1.31,4.79,0.0,71.77,1,VERY-LOW,NEWTONIAN
539,0.0,0.0,8.19,0.0,0.0,0.0,8.6,0.0,0.0,0.0,0.0,0.0,0.0,0.0,0.0,1.47,3.4,0.0,78.34,0,NA,NA
540,0.0,0.0,8.2,0.0,0.0,0.0,0.0,0.0,0.0,7.95,0.0,0.0,0.0,0.0,0.0,1.61,1.32,0.0,80.92,1,VERY-LOW,NEWTONIAN
541,0.0,7.59,0.0,0.0,0.0,9.45,0.0,0.0,0.0,0.0,0.0,0.0,0.0,0.0,0.0,0.8,3.84,0.0,78.32,0,NA,NA
542,0.0,0.0,0.0,9.07,0.0,0.0,0.0,0.0,0.0,0.0,0.0,9.57,0.0,0.0,0.0,2.34,2.21,0.0,76.81,1,MEDIUM,SHEAR-THIN
543,0.0,0.0,0.0,0.0,0.0,0.0,9.15,0.0,0.0,0.0,0.0,9.38,0.0,0.0,0.0,2.24,4.14,0.0,75.09,0,NA,NA
544,0.0,11.64,0.0,0.0,0.0,0.0,0.0,0.0,0.0,12.73,0.0,0.0,0.0,0.0,0.0,1.55,4.92,0.0,69.16,1,VERY-LOW,NEWTONIAN
545,0.0,0.0,0.0,0.0,0.0,0.0,0.0,7.77,0.0,0.0,0.0,9.73,0.0,0.0,0.0,1.43,2.83,0.0,78.24,0,NA,NA
546,0.0,8.45,0.0,12.13,0.0,0.0,0.0,0.0,0.0,0.0,0.0,0.0,0.0,0.0,0.0,1.61,4.07,0.0,73.74,0,NA,NA
547,0.0,0.0,0.0,0.0,0.0,8.64,0.0,8.54,0.0,0.0,0.0,0.0,0.0,0.0,0.0,2.16,3.15,0.0,77.51,0,NA,NA
548,5.45,10.52,0.0,0.0,0.0,0.0,0.0,0.0,0.0,0.0,0.0,0.0,0.0,0.0,0.0,1.94,4.01,0.0,78.08,1,VERY-LOW,NEWTONIAN
549,11.03,0.0,0.0,0.0,0.0,0.0,0.0,0.0,0.0,0.0,0.0,10.12,0.0,0.0,0.0,1.72,4.39,0.0,72.74,1,LOW,SHEAR-THIN
550,0.0,0.0,0.0,0.0,0.0,0.0,0.0,0.0,12.62,0.0,9.68,0.0,0.0,0.0,0.0,2.19,2.0,0.0,73.51,0,NA,NA
551,0.0,0.0,0.0,0.0,8.17,0.0,0.0,0.0,0.0,0.0,12.3,0.0,0.0,0.0,0.0,2.48,1.89,0.0,75.16,1,LOW,SHEAR-THIN
552,0.0,0.0,0.0,0.0,0.0,0.0,0.0,0.0,12.64,0.0,0.0,11.15,0.0,0.0,0.0,3.11,3.08,0.0,70.02,1,LOW,SHEAR-THIN
553,0.0,11.62,0.0,0.0,0.0,0.0,0.0,10.56,0.0,0.0,0.0,0.0,0.0,0.0,0.0,1.58,4.35,0.0,71.89,0,NA,NA
554,7.72,0.0,0.0,0.0,0.0,0.0,0.0,0.0,9.37,0.0,0.0,0.0,0.0,0.0,0.0,2.68,3.86,0.0,76.37,0,NA,NA
555,6.85,0.0,0.0,0.0,0.0,0.0,10.33,0.0,0.0,0.0,0.0,0.0,0.0,0.0,0.0,2.26,4.7,0.0,75.86,1,MEDIUM,SHEAR-THIN
556,0.0,0.0,0.0,0.0,6.95,0.0,0.0,0.0,10.88,0.0,0.0,0.0,0.0,0.0,0.0,1.55,2.97,0.0,77.65,0,NA,NA
557,0.0,0.0,0.0,0.0,0.0,11.37,0.0,0.0,0.0,8.3,0.0,0.0,0.0,0.0,0.0,1.7,4.68,0.0,73.95,1,MEDIUM,SHEAR-THIN
558,0.0,0.0,0.0,0.0,0.0,0.0,0.0,12.79,0.0,11.54,0.0,0.0,0.0,0.0,0.0,2.34,2.54,0.0,70.79,1,VERY-LOW,NEWTONIAN
559,0.0,0.0,0.0,0.0,8.11,0.0,0.0,10.65,0.0,0.0,0.0,0.0,0.0,0.0,0.0,0.66,1.16,0.0,79.42,1,LOW,SHEAR-THIN
560,0.0,0.0,0.0,0.0,13.96,8.35,0.0,0.0,0.0,0.0,0.0,0.0,0.0,0.0,0.0,2.27,5.09,0.0,70.33,0,NA,NA
561,0.0,12.77,0.0,0.0,0.0,0.0,0.0,0.0,0.0,0.0,0.0,8.04,0.0,0.0,0.0,1.24,3.77,0.0,74.18,1,MEDIUM,SHEAR-THIN
562,0.0,0.0,6.77,0.0,0.0,0.0,0.0,0.0,0.0,13.44,0.0,0.0,0.0,0.0,0.0,2.73,3.99,0.0,73.07,1,VERY-LOW,NEWTONIAN
563,0.0,0.0,11.97,9.93,0.0,0.0,0.0,0.0,0.0,0.0,0.0,0.0,0.0,0.0,0.0,1.6,1.94,0.0,74.56,1,VERY-LOW,NEWTONIAN
564,0.0,12.05,0.0,0.0,0.0,8.63,0.0,0.0,0.0,0.0,0.0,0.0,0.0,0.0,0.0,2.65,1.13,0.0,75.54,1,VERY-LOW,NEWTONIAN
565,0.0,0.0,0.0,0.0,11.3,0.0,0.0,0.0,0.0,0.0,0.0,11.83,0.0,0.0,0.0,1.87,4.67,0.0,70.33,0,NA,NA
566,5.97,0.0,0.0,0.0,0.0,9.91,0.0,0.0,0.0,0.0,0.0,0.0,0.0,0.0,0.0,1.81,5.27,0.0,77.04,1,LOW,SHEAR-THIN
567,0.0,0.0,0.0,0.0,0.0,0.0,12.68,0.0,0.0,0.0,0.0,12.34,0.0,0.0,0.0,1.75,1.68,0.0,71.55,1,LOW,SHEAR-THIN
569,0.0,0.0,0.0,8.02,0.0,0.0,0.0,0.0,0.0,0.0,9.37,0.0,0.0,0.0,0.0,1.57,4.76,0.0,76.28,0,NA,NA
570,0.0,0.0,0.0,12.76,0.0,10.5,0.0,0.0,0.0,0.0,0.0,0.0,0.0,0.0,0.0,1.36,3.47,0.0,71.91,0,NA,NA
571,9.83,0.0,0.0,0.0,0.0,0.0,0.0,6.76,0.0,0.0,0.0,0.0,0.0,0.0,0.0,1.38,2.85,0.0,79.18,1,MEDIUM,SHEAR-THIN
572,0.0,0.0,0.0,0.0,0.0,8.95,0.0,0.0,0.0,0.0,0.0,11.3,0.0,0.0,0.0,2.25,2.23,0.0,75.27,0,NA,NA
573,9.4,0.0,0.0,0.0,0.0,12.93,0.0,0.0,0.0,0.0,0.0,0.0,0.0,0.0,0.0,2.98,1.42,0.0,73.27,0,NA,NA
574,0.0,0.0,0.0,8.67,0.0,0.0,9.77,0.0,0.0,0.0,0.0,0.0,0.0,0.0,0.0,2.81,5.05,0.0,73.7,0,NA,NA
575,0.0,0.0,0.0,10.8,0.0,0.0,0.0,0.0,0.0,7.91,0.0,0.0,0.0,0.0,0.0,2.85,3.04,0.0,75.4,1,LOW,NEWTONIAN
576,0.0,0.0,0.0,0.0,7.8,0.0,0.0,0.0,0.0,0.0,0.0,8.36,0.0,0.0,0.0,1.78,2.13,0.0,79.93,1,LOW,SHEAR-THIN
577,0.0,0.0,0.0,0.0,0.0,8.21,0.0,0.0,0.0,12.54,0.0,0.0,0.0,0.0,0.0,0.77,3.27,0.0,75.21,1,VERY-LOW,NEWTONIAN
578,0.0,0.0,0.0,0.0,0.0,0.0,0.0,6.23,0.0,10.42,0.0,0.0,0.0,0.0,0.0,1.65,1.36,0.0,80.34,1,VERY-LOW,NEWTONIAN
580,0.0,0.0,0.0,0.0,0.0,12.68,0.0,0.0,0.0,0.0,9.22,0.0,0.0,0.0,0.0,1.33,1.44,0.0,75.33,1,MEDIUM,SHEAR-THIN
581,0.0,0.0,0.0,11.72,0.0,0.0,12.93,0.0,0.0,0.0,0.0,0.0,0.0,0.0,0.0,1.13,4.43,0.0,69.79,0,NA,NA
582,6.53,0.0,0.0,8.37,0.0,0.0,0.0,0.0,0.0,0.0,0.0,0.0,0.0,0.0,0.0,2.25,4.19,0.0,78.66,0,NA,NA
583,0.0,0.0,0.0,8.89,0.0,9.33,0.0,0.0,0.0,0.0,0.0,0.0,0.0,1.54,0.0,0.0,1.09,0.0,79.15,0,NA,NA
584,0.0,0.0,0.0,0.0,0.0,0.0,0.0,0.0,12.82,0.0,0.0,9.28,0.0,1.25,0.0,0.0,4.97,0.0,71.68,0,NA,NA
585,8.12,0.0,0.0,0.0,0.0,0.0,0.0,0.0,8.44,0.0,0.0,0.0,0.0,2.56,0.0,0.0,2.79,0.0,78.09,0,NA,NA
586,0.0,0.0,0.0,0.0,0.0,0.0,0.0,0.0,0.0,0.0,8.24,13.11,0.0,1.96,0.0,0.0,4.97,0.0,71.72,0,NA,NA
587,15.12,0.0,0.0,0.0,0.0,0.0,0.0,0.0,0.0,0.0,0.0,10.75,0.0,1.44,0.0,0.0,2.87,0.0,69.82,0,NA,NA
588,0.0,0.0,0.0,0.0,12.0,0.0,0.0,0.0,0.0,0.0,0.0,10.8,0.0,1.85,0.0,0.0,1.69,0.0,73.66,1,LOW,NEWTONIAN
589,8.07,0.0,0.0,0.0,0.0,0.0,0.0,0.0,0.0,12.97,0.0,0.0,0.0,1.96,0.0,0.0,3.26,0.0,73.74,0,NA,NA
590,0.0,0.0,0.0,0.0,0.0,11.94,0.0,0.0,0.0,0.0,8.41,0.0,0.0,3.85,0.0,0.0,4.88,0.0,70.92,0,NA,NA
591,0.0,0.0,7.1,7.14,0.0,0.0,0.0,0.0,0.0,0.0,0.0,0.0,0.0,2.5,0.0,0.0,4.43,0.0,78.83,0,NA,NA
592,0.0,0.0,8.97,0.0,11.24,0.0,0.0,0.0,0.0,0.0,0.0,0.0,0.0,3.26,0.0,0.0,1.18,0.0,75.35,0,NA,NA
593,8.4,12.41,0.0,0.0,0.0,0.0,0.0,0.0,0.0,0.0,0.0,0.0,0.0,2.07,0.0,0.0,2.32,0.0,74.8,0,NA,NA
594,9.72,0.0,0.0,8.05,0.0,0.0,0.0,0.0,0.0,0.0,0.0,0.0,0.0,2.08,0.0,0.0,1.44,0.0,78.71,0,NA,NA
595,8.99,0.0,0.0,0.0,10.96,0.0,0.0,0.0,0.0,0.0,0.0,0.0,0.0,1.43,0.0,0.0,4.15,0.0,74.47,0,NA,NA
596,0.0,0.0,11.69,0.0,0.0,0.0,0.0,0.0,13.12,0.0,0.0,0.0,0.0,2.24,0.0,0.0,1.22,0.0,71.73,0,NA,NA
597,8.0,0.0,8.15,0.0,0.0,0.0,0.0,0.0,0.0,0.0,0.0,0.0,0.0,3.33,0.0,0.0,1.81,0.0,78.71,0,NA,NA
598,0.0,9.88,0.0,7.49,0.0,0.0,0.0,0.0,0.0,0.0,0.0,0.0,0.0,3.86,0.0,0.0,4.5,0.0,74.27,0,NA,NA
599,0.0,10.72,8.57,0.0,0.0,0.0,0.0,0.0,0.0,0.0,0.0,0.0,0.0,3.36,0.0,0.0,2.27,0.0,75.08,0,NA,NA
600,0.0,0.0,0.0,0.0,0.0,9.36,0.0,11.02,0.0,0.0,0.0,0.0,0.0,3.73,0.0,0.0,5.09,0.0,70.8,0,NA,NA
601,0.0,0.0,0.0,0.0,0.0,8.36,0.0,0.0,0.0,0.0,9.3,0.0,0.0,1.82,0.0,0.0,1.75,0.0,78.77,0,NA,NA
602,0.0,0.0,10.12,0.0,0.0,0.0,0.0,0.0,0.0,0.0,0.0,10.21,0.0,1.46,0.0,0.0,4.86,0.0,73.35,1,MEDIUM,SHEAR-THIN
603,0.0,0.0,0.0,0.0,12.51,0.0,0.0,0.0,0.0,8.32,0.0,0.0,0.0,3.14,0.0,0.0,3.31,0.0,72.72,0,NA,NA
604,0.0,0.0,0.0,7.08,13.5,0.0,0.0,0.0,0.0,0.0,0.0,0.0,0.0,4.0,0.0,0.0,2.87,0.0,72.55,1,LOW,NEWTONIAN
605,0.0,0.0,0.0,9.11,0.0,13.16,0.0,0.0,0.0,0.0,0.0,0.0,0.0,3.73,0.0,0.0,4.47,0.0,69.53,0,NA,NA
606,0.0,0.0,0.0,0.0,0.0,0.0,0.0,10.87,0.0,8.75,0.0,0.0,0.0,2.19,0.0,0.0,1.34,0.0,76.85,0,NA,NA
607,0.0,0.0,0.0,0.0,12.42,0.0,0.0,0.0,0.0,0.0,12.39,0.0,0.0,1.74,0.0,0.0,3.88,0.0,69.57,0,NA,NA
608,0.0,11.45,0.0,0.0,0.0,0.0,0.0,10.09,0.0,0.0,0.0,0.0,0.0,2.51,0.0,0.0,1.31,0.0,74.64,0,NA,NA
609,0.0,0.0,0.0,0.0,10.0,0.0,0.0,8.12,0.0,0.0,0.0,0.0,0.0,2.53,0.0,0.0,4.64,0.0,74.71,0,NA,NA
610,0.0,0.0,6.34,0.0,0.0,0.0,0.0,13.35,0.0,0.0,0.0,0.0,0.0,2.02,0.0,0.0,3.68,0.0,74.61,0,NA,NA
611,0.0,0.0,0.0,8.25,0.0,0.0,0.0,0.0,0.0,10.23,0.0,0.0,0.0,3.37,0.0,0.0,1.62,0.0,76.53,0,NA,NA
612,6.16,8.75,0.0,0.0,0.0,0.0,0.0,0.0,0.0,0.0,0.0,0.0,0.0,2.74,0.0,0.0,3.03,0.0,79.32,0,NA,NA
613,0.0,0.0,0.0,0.0,0.0,12.3,0.0,0.0,0.0,7.85,0.0,0.0,0.0,1.3,0.0,0.0,1.98,0.0,76.57,0,NA,NA
614,0.0,0.0,0.0,0.0,11.41,0.0,0.0,10.06,0.0,0.0,0.0,0.0,0.0,2.77,0.0,0.0,5.08,0.0,70.68,0,NA,NA
615,0.0,0.0,0.0,0.0,0.0,0.0,0.0,0.0,0.0,8.27,0.0,7.97,0.0,4.16,0.0,0.0,3.37,0.0,76.23,0,NA,NA
616,0.0,0.0,9.4,0.0,0.0,0.0,11.54,0.0,0.0,0.0,0.0,0.0,0.0,2.37,0.0,0.0,2.25,0.0,74.44,0,NA,NA
617,0.0,12.08,0.0,0.0,0.0,0.0,0.0,0.0,0.0,10.03,0.0,0.0,0.0,2.67,0.0,0.0,3.12,0.0,72.1,0,NA,NA
618,0.0,0.0,0.0,0.0,0.0,0.0,9.94,0.0,10.57,0.0,0.0,0.0,0.0,2.39,0.0,0.0,1.91,0.0,75.19,1,LOW,NEWTONIAN
620,0.0,7.37,0.0,0.0,0.0,0.0,0.0,0.0,0.0,0.0,0.0,11.85,0.0,0.0,0.0,2.37,4.38,0.0,74.03,0,NA,NA
621,0.0,0.0,0.0,0.0,0.0,0.0,0.0,0.0,0.0,8.13,0.0,11.61,0.0,0.0,0.0,3.39,1.91,0.0,74.96,0,NA,NA
622,0.0,8.59,0.0,0.0,0.0,0.0,0.0,0.0,0.0,0.0,0.0,12.62,0.0,0.0,0.0,2.54,4.47,0.0,71.78,0,NA,NA
625,0.0,0.0,0.0,0.0,0.0,0.0,8.39,0.0,8.01,0.0,0.0,0.0,0.0,0.0,0.0,0.83,2.61,0.0,80.16,1,MEDIUM,SHEAR-THIN
626,0.0,12.1,0.0,0.0,11.75,0.0,0.0,0.0,0.0,0.0,0.0,0.0,0.0,0.0,0.0,1.04,2.9,0.0,72.21,1,VERY-LOW,NEWTONIAN
627,0.0,0.0,0.0,8.53,0.0,0.0,0.0,10.09,0.0,0.0,0.0,0.0,0.0,0.0,0.0,2.74,4.89,0.0,73.75,0,NA,NA
628,0.0,0.0,10.54,0.0,0.0,0.0,0.0,0.0,0.0,0.0,8.68,0.0,0.0,0.0,0.0,2.17,3.52,0.0,75.09,0,NA,NA
629,0.0,0.0,0.0,0.0,0.0,12.24,0.0,9.44,0.0,0.0,0.0,0.0,0.0,0.0,0.0,2.58,5.16,0.0,70.58,0,NA,NA
630,0.0,10.14,0.0,10.02,0.0,0.0,0.0,0.0,0.0,0.0,0.0,0.0,0.0,0.0,0.0,2.28,1.2,0.0,76.36,1,VERY-LOW,NEWTONIAN
631,4.73,0.0,0.0,0.0,0.0,0.0,0.0,0.0,0.0,0.0,13.6,0.0,0.0,0.0,0.0,1.01,1.89,0.0,78.77,0,NA,NA
632,0.0,8.42,0.0,0.0,0.0,0.0,0.0,0.0,0.0,0.0,12.15,0.0,0.0,0.0,0.0,2.6,3.42,0.0,73.41,1,VERY-LOW,NEWTONIAN
633,0.0,0.0,0.0,0.0,0.0,0.0,0.0,6.55,10.58,0.0,0.0,0.0,0.0,0.0,0.0,2.94,2.86,0.0,77.07,0,NA,NA
634,7.99,0.0,11.07,0.0,0.0,0.0,0.0,0.0,0.0,0.0,0.0,0.0,0.0,0.0,0.0,2.97,3.06,0.0,74.91,1,VERY-LOW,NEWTONIAN
635,0.0,0.0,0.0,0.0,0.0,8.91,8.04,0.0,0.0,0.0,0.0,0.0,0.0,0.0,0.0,2.99,1.72,0.0,78.34,1,MEDIUM,SHEAR-THIN
636,13.56,0.0,0.0,0.0,0.0,0.0,0.0,13.21,0.0,0.0,0.0,0.0,0.0,0.0,0.0,2.81,3.74,0.0,66.68,1,MEDIUM,SHEAR-THIN
637,0.0,0.0,0.0,0.0,10.69,0.0,0.0,0.0,0.0,0.0,9.54,0.0,0.0,0.0,0.0,0.72,3.21,0.0,75.84,1,MEDIUM,SHEAR-THIN
638,0.0,0.0,12.14,0.0,0.0,0.0,0.0,0.0,0.0,0.0,12.56,0.0,0.0,0.0,0.0,2.17,1.2,0.0,71.93,0,NA,NA
639,0.0,0.0,0.0,0.0,0.0,0.0,13.21,11.24,0.0,0.0,0.0,0.0,0.0,0.0,0.0,1.66,2.39,0.0,71.5,1,HIGH,SHEAR-THIN
640,0.0,0.0,0.0,0.0,0.0,0.0,0.0,12.08,10.83,0.0,0.0,0.0,0.0,0.0,0.0,1.03,1.66,0.0,74.4,1,LOW,NEWTONIAN
641,0.0,0.0,0.0,0.0,0.0,0.0,0.0,0.0,8.68,0.0,13.32,0.0,0.0,0.0,0.0,2.22,4.77,0.0,71.01,0,NA,NA
642,0.0,0.0,9.33,0.0,0.0,0.0,0.0,0.0,8.99,0.0,0.0,0.0,0.0,0.0,0.0,1.31,4.69,0.0,75.68,0,NA,NA
643,0.0,0.0,8.19,0.0,0.0,0.0,0.0,0.0,0.0,0.0,0.0,8.52,0.0,0.0,0.0,0.95,1.06,0.0,81.28,1,VERY-LOW,NEWTONIAN
644,0.0,0.0,14.94,0.0,0.0,0.0,0.0,0.0,0.0,0.0,0.0,8.93,0.0,0.0,0.0,2.83,4.25,0.0,69.05,0,NA,NA
645,8.99,0.0,0.0,0.0,0.0,0.0,0.0,0.0,0.0,11.46,0.0,0.0,0.0,0.0,0.0,1.45,5.24,0.0,72.86,1,VERY-LOW,NEWTONIAN
646,0.0,11.89,0.0,0.0,0.0,0.0,0.0,0.0,8.9,0.0,0.0,0.0,0.0,0.0,0.0,2.13,2.95,0.0,74.13,1,VERY-LOW,NEWTONIAN
647,0.0,0.0,0.0,0.0,0.0,0.0,0.0,6.87,0.0,0.0,11.93,0.0,0.0,0.0,0.0,1.66,1.46,0.0,78.08,0,NA,NA
648,0.0,0.0,0.0,0.0,0.0,0.0,10.93,0.0,11.57,0.0,0.0,0.0,0.0,0.0,0.0,2.88,1.19,0.0,73.43,1,VERY-LOW,NEWTONIAN
649,0.0,7.95,0.0,0.0,0.0,0.0,0.0,0.0,0.0,10.17,0.0,0.0,0.0,0.0,0.0,0.89,1.85,0.0,79.14,1,VERY-LOW,NEWTONIAN
650,0.0,0.0,0.0,7.58,0.0,0.0,0.0,0.0,13.11,0.0,0.0,0.0,0.0,0.0,0.0,1.03,3.99,0.0,74.29,0,NA,NA
651,0.0,0.0,11.64,0.0,0.0,0.0,12.42,0.0,0.0,0.0,0.0,0.0,0.0,0.0,0.0,2.62,4.96,0.0,68.36,0,NA,NA
652,0.0,0.0,0.0,0.0,11.52,0.0,0.0,10.16,0.0,0.0,0.0,0.0,0.0,0.0,0.0,2.71,2.54,0.0,73.07,0,NA,NA
653,0.0,13.68,8.79,0.0,0.0,0.0,0.0,0.0,0.0,0.0,0.0,0.0,0.0,0.0,0.0,1.35,4.95,0.0,71.23,1,VERY-LOW,NEWTONIAN
654,0.0,0.0,9.36,0.0,10.08,0.0,0.0,0.0,0.0,0.0,0.0,0.0,0.0,0.0,0.0,1.94,2.77,0.0,75.85,1,VERY-LOW,NEWTONIAN
655,0.0,0.0,0.0,0.0,0.0,0.0,0.0,7.51,0.0,0.0,0.0,8.25,0.0,0.0,0.0,2.08,5.1,0.0,77.06,0,NA,NA
656,0.0,0.0,11.17,0.0,0.0,13.18,0.0,0.0,0.0,0.0,0.0,0.0,0.0,0.0,0.0,2.06,3.36,0.0,70.23,1,VERY-LOW,NEWTONIAN
657,0.0,0.0,0.0,0.0,9.04,11.78,0.0,0.0,0.0,0.0,0.0,0.0,0.0,0.0,0.0,2.01,2.07,0.0,75.1,0,NA,NA
658,0.0,0.0,0.0,0.0,0.0,0.0,0.0,0.0,0.0,0.0,8.46,8.1,0.0,0.0,0.0,1.6,4.37,0.0,77.47,0,NA,NA
659,7.27,0.0,0.0,0.0,9.64,0.0,0.0,0.0,0.0,0.0,0.0,0.0,0.0,0.0,0.0,1.9,1.24,0.0,79.95,1,VERY-LOW,NEWTONIAN
660,0.0,0.0,0.0,0.0,0.0,0.0,0.0,0.0,0.0,10.12,0.0,8.33,0.0,0.0,0.0,2.15,1.71,0.0,77.69,0,NA,NA
662,0.0,0.0,0.0,0.0,0.0,0.0,10.9,0.0,0.0,12.59,0.0,0.0,0.0,0.0,0.0,1.5,2.27,0.0,72.74,1,VERY-LOW,NEWTONIAN
663,0.0,0.0,0.0,0.0,8.45,0.0,0.0,7.51,0.0,0.0,0.0,0.0,0.0,0.0,0.0,1.54,3.86,0.0,78.64,0,NA,NA
664,11.79,0.0,0.0,0.0,0.0,0.0,0.0,0.0,0.0,0.0,8.5,0.0,0.0,0.0,0.0,2.63,3.52,0.0,73.56,0,NA,NA
665,0.0,8.73,0.0,0.0,0.0,11.7,0.0,0.0,0.0,0.0,0.0,0.0,0.0,0.0,0.0,3.02,3.38,0.0,73.17,0,NA,NA
666,0.0,0.0,0.0,0.0,0.0,0.0,0.0,0.0,0.0,11.98,10.44,0.0,0.0,0.0,0.0,2.94,4.63,0.0,70.01,0,NA,NA
667,0.0,0.0,0.0,0.0,0.0,0.0,0.0,10.73,0.0,0.0,0.0,8.29,0.0,0.0,0.0,2.02,0.0,2.2,76.76,0,NA,NA
668,0.0,0.0,0.0,6.49,0.0,0.0,0.0,0.0,0.0,0.0,10.01,0.0,0.0,0.0,0.0,1.83,0.0,3.97,77.7,0,NA,NA
669,0.0,0.0,0.0,0.0,0.0,9.65,0.0,7.95,0.0,0.0,0.0,0.0,0.0,0.0,0.0,2.09,0.0,1.91,78.4,0,NA,NA
670,0.0,0.0,0.0,0.0,0.0,0.0,8.59,0.0,0.0,0.0,0.0,11.96,0.0,0.0,0.0,2.42,0.0,3.78,73.25,0,NA,NA
671,8.83,0.0,0.0,0.0,0.0,0.0,9.46,0.0,0.0,0.0,0.0,0.0,0.0,0.0,0.0,1.34,0.0,4.17,76.2,0,NA,NA
672,0.0,0.0,0.0,0.0,0.0,0.0,9.8,0.0,0.0,0.0,12.16,0.0,0.0,0.0,0.0,1.54,0.0,3.78,72.72,1,HIGH,SHEAR-THIN
673,0.0,9.62,0.0,0.0,0.0,0.0,8.24,0.0,0.0,0.0,0.0,0.0,0.0,0.0,0.0,1.08,0.0,1.76,79.3,1,VERY-LOW,NEWTONIAN
674,5.34,0.0,0.0,0.0,0.0,0.0,0.0,0.0,0.0,0.0,11.61,0.0,0.0,0.0,0.0,1.21,0.0,3.45,78.39,0,NA,NA
675,11.76,0.0,0.0,0.0,0.0,0.0,0.0,10.57,0.0,0.0,0.0,0.0,0.0,0.0,0.0,1.54,0.0,4.29,71.84,0,NA,NA
676,12.99,0.0,0.0,0.0,0.0,0.0,0.0,0.0,0.0,11.44,0.0,0.0,0.0,0.0,0.0,1.63,0.0,4.62,69.32,0,NA,NA
677,0.0,0.0,0.0,0.0,12.02,0.0,0.0,8.41,0.0,0.0,0.0,0.0,0.0,0.0,0.0,2.11,0.0,2.02,75.44,0,NA,NA
678,0.0,0.0,7.47,0.0,0.0,0.0,11.44,0.0,0.0,0.0,0.0,0.0,0.0,0.0,0.0,2.29,0.0,4.14,74.66,0,NA,NA
679,5.09,0.0,0.0,8.05,0.0,0.0,0.0,0.0,0.0,0.0,0.0,0.0,0.0,0.0,0.0,2.36,0.0,5.11,79.39,0,NA,NA
680,0.0,7.42,0.0,0.0,0.0,0.0,0.0,0.0,9.92,0.0,0.0,0.0,0.0,0.0,0.0,2.15,0.0,4.38,76.13,0,NA,NA
681,0.0,0.0,0.0,0.0,0.0,0.0,0.0,0.0,0.0,11.9,12.33,0.0,0.0,0.0,0.0,2.36,0.0,4.89,68.52,0,NA,NA
682,0.0,0.0,10.28,0.0,0.0,0.0,0.0,0.0,0.0,11.77,0.0,0.0,0.0,0.0,0.0,1.85,0.0,4.4,71.7,0,NA,NA
683,0.0,8.79,0.0,0.0,0.0,8.82,0.0,0.0,0.0,0.0,0.0,0.0,0.0,0.0,0.0,2.61,0.0,4.45,75.33,0,NA,NA
684,0.0,0.0,7.98,0.0,0.0,0.0,0.0,0.0,0.0,0.0,12.42,0.0,0.0,0.0,0.0,2.92,0.0,1.8,74.88,0,NA,NA
685,0.0,8.38,0.0,0.0,0.0,0.0,0.0,0.0,0.0,0.0,10.9,0.0,0.0,0.0,0.0,1.09,0.0,2.64,76.99,1,VERY-LOW,NEWTONIAN
686,0.0,0.0,0.0,0.0,0.0,0.0,0.0,0.0,11.07,10.34,0.0,0.0,0.0,0.0,0.0,1.28,0.0,3.31,74.0,0,NA,NA
687,0.0,0.0,0.0,0.0,0.0,0.0,0.0,0.0,0.0,0.0,12.05,9.23,0.0,0.0,0.0,1.85,0.0,2.45,74.42,0,NA,NA
688,0.0,0.0,6.25,0.0,0.0,11.31,0.0,0.0,0.0,0.0,0.0,0.0,0.0,0.0,0.0,2.32,0.0,2.33,77.79,1,LOW,OTHER
689,0.0,0.0,0.0,6.9,0.0,0.0,9.99,0.0,0.0,0.0,0.0,0.0,0.0,0.0,0.0,1.86,0.0,2.83,78.42,0,NA,NA
690,0.0,0.0,0.0,12.37,0.0,0.0,0.0,0.0,0.0,0.0,0.0,12.93,0.0,0.0,0.0,2.48,0.0,2.59,69.63,0,NA,NA
691,0.0,0.0,0.0,0.0,0.0,0.0,0.0,0.0,13.0,0.0,0.0,9.82,0.0,0.0,0.0,2.22,0.0,3.3,71.66,0,NA,NA
692,0.0,0.0,12.17,8.23,0.0,0.0,0.0,0.0,0.0,0.0,0.0,0.0,0.0,0.0,0.0,2.62,0.0,2.04,74.94,1,VERY-LOW,NEWTONIAN
693,0.0,0.0,8.8,0.0,0.0,0.0,0.0,11.03,0.0,0.0,0.0,0.0,0.0,0.0,0.0,2.4,0.0,3.29,74.48,1,MEDIUM,NEWTONIAN
694,0.0,0.0,0.0,0.0,0.0,8.85,0.0,0.0,11.07,0.0,0.0,0.0,0.0,0.0,0.0,2.16,0.0,4.79,73.13,0,NA,NA
695,0.0,0.0,0.0,0.0,0.0,0.0,0.0,0.0,0.0,11.92,0.0,11.07,0.0,0.0,0.0,2.14,0.0,3.54,71.33,0,NA,NA
696,0.0,0.0,0.0,0.0,0.0,11.74,0.0,0.0,0.0,0.0,8.36,0.0,0.0,0.0,0.0,1.5,0.0,2.4,76.0,0,NA,NA
697,0.0,9.46,0.0,0.0,0.0,0.0,0.0,0.0,0.0,0.0,0.0,10.01,0.0,0.0,0.0,1.95,0.0,3.25,75.33,0,NA,NA
698,0.0,0.0,0.0,11.01,0.0,0.0,0.0,6.19,0.0,0.0,0.0,0.0,0.0,0.0,0.0,1.85,0.0,4.98,75.97,0,NA,NA
699,0.0,0.0,0.0,0.0,0.0,0.0,8.78,11.5,0.0,0.0,0.0,0.0,0.0,0.0,0.0,2.09,0.0,2.82,74.81,0,NA,NA
700,10.51,10.7,0.0,0.0,0.0,0.0,0.0,0.0,0.0,0.0,0.0,0.0,0.0,0.0,0.0,2.54,0.0,4.62,71.63,1,MEDIUM,SHEAR-THIN
701,0.0,13.17,0.0,0.0,7.46,0.0,0.0,0.0,0.0,0.0,0.0,0.0,0.0,0.0,0.0,2.09,0.0,2.33,74.95,1,VERY-LOW,NEWTONIAN
702,0.0,0.0,0.0,0.0,0.0,10.97,12.97,0.0,0.0,0.0,0.0,0.0,0.0,0.0,0.0,1.64,0.0,1.39,73.03,1,VERY-LOW,NEWTONIAN
703,0.0,10.13,0.0,0.0,0.0,0.0,0.0,8.12,0.0,0.0,0.0,0.0,0.0,0.0,0.0,1.36,0.0,2.94,77.45,1,LOW,NEWTONIAN
704,6.09,0.0,0.0,0.0,0.0,0.0,0.0,0.0,0.0,0.0,0.0,9.32,0.0,0.0,0.0,1.45,0.0,3.09,80.05,0,NA,NA
705,0.0,0.0,0.0,0.0,0.0,11.08,0.0,0.0,0.0,0.0,0.0,12.89,0.0,0.0,0.0,1.56,0.0,3.17,71.3,0,NA,NA
706,0.0,0.0,0.0,0.0,0.0,0.0,9.24,0.0,8.46,0.0,0.0,0.0,0.0,0.0,0.0,2.37,0.0,4.52,75.41,0,NA,NA
707,0.0,0.0,10.68,0.0,12.6,0.0,0.0,0.0,0.0,0.0,0.0,0.0,0.0,0.0,0.0,3.18,0.0,2.91,70.63,1,LOW,NEWTONIAN
708,12.01,0.0,11.59,0.0,0.0,0.0,0.0,0.0,0.0,0.0,0.0,0.0,0.0,0.0,0.0,3.02,0.0,4.92,68.46,0,NA,NA
709,0.0,0.0,0.0,0.0,0.0,0.0,0.0,7.72,0.0,0.0,9.61,0.0,0.0,0.0,0.0,2.1,0.0,4.33,76.24,0,NA,NA
710,5.79,0.0,0.0,0.0,8.27,0.0,0.0,0.0,0.0,0.0,0.0,0.0,0.0,0.0,0.0,3.01,0.0,5.09,77.84,0,NA,NA
711,0.0,0.0,0.0,0.0,9.0,7.16,0.0,0.0,0.0,0.0,0.0,0.0,0.0,0.0,0.0,2.5,0.0,2.97,78.37,0,NA,NA
712,0.0,0.0,0.0,0.0,9.56,0.0,0.0,0.0,0.0,11.38,0.0,0.0,0.0,0.0,0.0,1.22,0.0,2.09,75.75,1,VERY-LOW,NEWTONIAN
713,0.0,0.0,0.0,0.0,0.0,0.0,0.0,9.66,0.0,10.78,0.0,0.0,0.0,0.0,0.0,2.49,0.0,1.8,75.27,1,VERY-LOW,NEWTONIAN
714,0.0,0.0,6.47,0.0,0.0,0.0,0.0,0.0,0.0,0.0,0.0,12.55,0.0,0.0,0.0,2.31,0.0,1.71,76.96,0,NA,NA
715,0.0,11.99,0.0,0.0,0.0,0.0,0.0,0.0,0.0,10.51,0.0,0.0,0.0,0.0,0.0,2.42,0.0,1.4,73.68,1,VERY-LOW,NEWTONIAN
716,0.0,0.0,0.0,0.0,0.0,0.0,12.35,0.0,0.0,12.19,0.0,0.0,0.0,0.0,0.0,1.3,0.0,2.04,72.12,1,VERY-LOW,NEWTONIAN
717,0.0,0.0,0.0,0.0,0.0,7.54,0.0,0.0,0.0,9.15,0.0,0.0,0.0,0.0,0.0,1.96,0.0,1.8,79.55,0,NA,NA
718,0.0,0.0,8.43,0.0,0.0,0.0,0.0,0.0,9.44,0.0,0.0,0.0,0.0,0.0,0.0,3.23,0.0,2.01,76.89,0,NA,NA
719,8.83,13.16,0.0,0.0,0.0,0.0,0.0,0.0,0.0,0.0,0.0,0.0,0.0,0.0,0.0,1.79,0.0,1.53,74.69,1,VERY-LOW,NEWTONIAN
720,16.24,0.0,0.0,0.0,0.0,0.0,0.0,0.0,11.52,0.0,0.0,0.0,0.0,0.0,0.0,2.69,0.0,1.72,67.83,1,MEDIUM,SHEAR-THIN
721,0.0,0.0,12.19,0.0,0.0,8.89,0.0,0.0,0.0,0.0,0.0,0.0,0.0,0.0,0.0,0.92,0.0,1.63,76.37,1,VERY-LOW,NEWTONIAN
722,0.0,7.7,9.39,0.0,0.0,0.0,0.0,0.0,0.0,0.0,0.0,0.0,0.0,0.0,0.0,2.71,0.0,2.59,77.61,1,LOW,NEWTONIAN
723,0.0,0.0,12.71,0.0,0.0,8.82,0.0,0.0,0.0,0.0,0.0,0.0,0.0,0.0,0.0,2.86,0.0,3.12,72.49,0,NA,NA
724,12.33,0.0,8.9,0.0,0.0,0.0,0.0,0.0,0.0,0.0,0.0,0.0,0.0,0.0,0.0,1.84,0.0,2.45,74.48,0,NA,NA
725,0.0,13.29,0.0,0.0,0.0,0.0,0.0,0.0,12.5,0.0,0.0,0.0,0.0,0.0,0.0,1.99,0.0,2.58,69.64,1,VERY-LOW,NEWTONIAN
726,0.0,9.9,0.0,0.0,0.0,0.0,0.0,0.0,0.0,0.0,8.86,0.0,0.0,0.0,0.0,2.78,0.0,1.56,76.9,0,NA,NA
727,0.0,0.0,0.0,0.0,0.0,0.0,9.1,0.0,0.0,10.71,0.0,0.0,0.0,0.0,0.0,2.47,0.0,2.48,75.24,1,LOW,NEWTONIAN
728,10.77,0.0,0.0,0.0,0.0,0.0,0.0,0.0,0.0,8.16,0.0,0.0,0.0,0.0,0.0,1.24,0.0,1.61,78.22,1,VERY-LOW,NEWTONIAN
729,0.0,0.0,0.0,0.0,0.0,0.0,0.0,0.0,0.0,8.26,11.61,0.0,0.0,0.0,0.0,1.76,0.0,2.04,76.33,0,NA,NA
730,0.0,0.0,0.0,8.13,0.0,0.0,0.0,0.0,0.0,12.8,0.0,0.0,0.0,0.0,0.0,1.98,0.0,1.82,75.27,1,VERY-LOW,NEWTONIAN
731,0.0,10.22,0.0,0.0,0.0,0.0,0.0,10.09,0.0,0.0,0.0,0.0,0.0,0.0,0.0,2.85,0.0,1.43,75.41,1,VERY-LOW,NEWTONIAN
732,0.0,10.75,0.0,0.0,0.0,9.32,0.0,0.0,0.0,0.0,0.0,0.0,0.0,0.0,0.0,2.33,0.0,2.21,75.39,1,VERY-LOW,NEWTONIAN
733,0.0,11.78,0.0,0.0,0.0,0.0,0.0,0.0,0.0,11.83,0.0,0.0,0.0,0.0,0.0,0.74,0.0,2.62,73.03,1,VERY-LOW,NEWTONIAN
734,0.0,0.0,11.18,0.0,7.38,0.0,0.0,0.0,0.0,0.0,0.0,0.0,0.0,0.0,0.0,1.04,0.0,3.33,77.07,1,LOW,NEWTONIAN
735,5.92,0.0,0.0,0.0,0.0,0.0,13.08,0.0,0.0,0.0,0.0,0.0,0.0,0.0,0.0,2.5,0.0,3.39,75.11,0,NA,NA
736,0.0,0.0,0.0,0.0,0.0,9.28,0.0,0.0,0.0,11.71,0.0,0.0,0.0,0.0,0.0,2.84,0.0,3.44,72.73,1,MEDIUM,SHEAR-THIN
737,0.0,9.97,0.0,0.0,0.0,0.0,0.0,0.0,0.0,9.02,0.0,0.0,0.0,0.0,0.0,2.42,0.0,2.99,75.6,1,VERY-LOW,NEWTONIAN
738,0.0,0.0,0.0,0.0,0.0,0.0,12.83,9.04,0.0,0.0,0.0,0.0,0.0,0.0,0.0,1.93,0.0,1.89,74.31,1,MEDIUM,OTHER
739,0.0,0.0,7.57,0.0,0.0,0.0,0.0,0.0,0.0,8.02,0.0,0.0,0.0,0.0,0.0,2.44,0.0,1.47,80.5,1,VERY-LOW,NEWTONIAN
740,0.0,11.42,0.0,0.0,0.0,0.0,9.27,0.0,0.0,0.0,0.0,0.0,0.0,0.0,0.0,2.57,0.0,2.88,73.86,1,VERY-LOW,NEWTONIAN
741,0.0,0.0,13.69,0.0,0.0,0.0,8.73,0.0,0.0,0.0,0.0,0.0,0.0,0.0,0.0,1.85,0.0,1.74,73.99,0,NA,NA
742,8.95,0.0,0.0,0.0,0.0,0.0,0.0,0.0,0.0,12.77,0.0,0.0,0.0,0.0,0.0,2.59,0.0,2.82,72.87,1,VERY-LOW,NEWTONIAN
743,0.0,0.0,8.94,0.0,8.89,0.0,0.0,0.0,0.0,0.0,0.0,0.0,0.0,0.0,0.0,1.46,0.0,1.91,78.8,1,VERY-LOW,NEWTONIAN
744,0.0,0.0,0.0,0.0,0.0,0.0,0.0,0.0,12.71,11.71,0.0,0.0,0.0,0.0,0.0,2.21,0.0,2.27,71.1,1,LOW,OTHER
745,5.17,0.0,11.73,0.0,0.0,0.0,0.0,0.0,0.0,0.0,0.0,0.0,0.0,0.0,0.0,0.9,0.0,2.37,79.83,1,VERY-LOW,NEWTONIAN
746,0.0,0.0,11.61,7.64,0.0,0.0,0.0,0.0,0.0,0.0,0.0,0.0,0.0,0.0,0.0,2.01,0.0,1.61,77.13,1,VERY-LOW,NEWTONIAN
747,0.0,12.63,0.0,0.0,0.0,10.74,0.0,0.0,0.0,0.0,0.0,0.0,0.0,0.0,0.0,2.71,0.0,2.81,71.11,1,VERY-LOW,NEWTONIAN
748,0.0,12.94,0.0,9.98,0.0,0.0,0.0,0.0,0.0,0.0,0.0,0.0,0.0,0.0,0.0,1.58,0.0,2.68,72.82,1,VERY-LOW,NEWTONIAN
749,0.0,0.0,8.7,0.0,0.0,0.0,0.0,0.0,0.0,12.46,0.0,0.0,0.0,0.0,0.0,1.29,0.0,2.93,74.62,1,LOW,NEWTONIAN
751,0.0,11.5,0.0,7.07,0.0,0.0,0.0,0.0,0.0,0.0,0.0,0.0,0.0,0.0,2.84,0.0,0.0,2.75,75.84,1,VERY-LOW,NEWTONIAN
752,0.0,0.0,0.0,0.0,0.0,0.0,8.53,0.0,12.18,0.0,0.0,0.0,0.0,0.0,2.41,0.0,0.0,4.25,72.63,1,HIGH,OTHER
753,0.0,0.0,0.0,0.0,0.0,0.0,8.37,0.0,0.0,8.0,0.0,0.0,0.0,0.0,2.71,0.0,0.0,2.93,77.99,0,NA,NA
754,0.0,9.63,0.0,0.0,0.0,0.0,0.0,0.0,0.0,9.79,0.0,0.0,0.0,0.0,2.26,0.0,0.0,2.9,75.42,1,VERY-LOW,NEWTONIAN
755,0.0,0.0,0.0,8.4,0.0,7.83,0.0,0.0,0.0,0.0,0.0,0.0,0.0,0.0,1.71,0.0,0.0,1.89,80.17,0,NA,NA
756,0.0,12.58,0.0,0.0,0.0,0.0,8.29,0.0,0.0,0.0,0.0,0.0,0.0,0.0,2.53,0.0,0.0,3.56,73.04,1,VERY-LOW,NEWTONIAN
757,0.0,0.0,0.0,0.0,0.0,0.0,0.0,0.0,0.0,12.9,9.8,0.0,0.0,0.0,0.99,0.0,0.0,1.57,74.74,0,NA,NA
758,0.0,0.0,9.45,0.0,0.0,0.0,0.0,0.0,0.0,0.0,10.75,0.0,0.0,0.0,1.07,0.0,0.0,3.21,75.52,0,NA,NA
759,0.0,8.78,0.0,0.0,0.0,0.0,0.0,9.23,0.0,0.0,0.0,0.0,0.0,0.0,2.73,0.0,0.0,4.21,75.05,1,HIGH,SHEAR-THIN
760,0.0,0.0,0.0,0.0,7.94,0.0,0.0,0.0,0.0,0.0,9.65,0.0,0.0,0.0,1.42,0.0,0.0,5.11,75.88,0,NA,NA
761,9.52,0.0,0.0,0.0,0.0,0.0,0.0,0.0,0.0,12.13,0.0,0.0,0.0,0.0,2.83,0.0,0.0,2.45,73.07,1,VERY-LOW,NEWTONIAN
762,0.0,10.26,0.0,0.0,0.0,0.0,0.0,0.0,0.0,0.0,0.0,12.03,0.0,0.0,1.51,0.0,0.0,1.62,74.58,0,NA,NA
763,0.0,0.0,0.0,0.0,11.74,0.0,0.0,0.0,0.0,8.61,0.0,0.0,0.0,0.0,2.22,0.0,0.0,2.8,74.63,0,NA,NA
764,0.0,0.0,0.0,0.0,0.0,10.01,0.0,0.0,10.36,0.0,0.0,0.0,0.0,0.0,1.81,0.0,0.0,2.57,75.25,0,NA,NA
765,9.71,0.0,0.0,0.0,0.0,0.0,0.0,0.0,11.72,0.0,0.0,0.0,0.0,0.0,1.92,0.0,0.0,1.46,75.19,1,MEDIUM,SHEAR-THIN
766,0.0,0.0,0.0,0.0,0.0,0.0,0.0,5.97,0.0,0.0,12.76,0.0,0.0,0.0,1.5,0.0,0.0,3.45,76.32,1,VERY-LOW,NEWTONIAN
767,0.0,0.0,0.0,10.39,0.0,0.0,0.0,0.0,0.0,0.0,0.0,13.08,0.0,0.0,2.31,0.0,0.0,4.15,70.07,1,HIGH,SHEAR-THIN
768,7.64,11.26,0.0,0.0,0.0,0.0,0.0,0.0,0.0,0.0,0.0,0.0,0.0,0.0,1.15,0.0,0.0,4.01,75.94,0,NA,NA
769,0.0,0.0,0.0,0.0,0.0,0.0,0.0,0.0,0.0,0.0,12.47,10.6,0.0,0.0,1.94,0.0,0.0,3.86,71.13,0,NA,NA
770,0.0,8.46,0.0,0.0,7.77,0.0,0.0,0.0,0.0,0.0,0.0,0.0,0.0,0.0,1.2,0.0,0.0,2.16,80.41,0,NA,NA
771,8.89,0.0,0.0,0.0,0.0,9.22,0.0,0.0,0.0,0.0,0.0,0.0,0.0,0.0,2.14,0.0,0.0,2.85,76.9,0,NA,NA
772,0.0,0.0,0.0,0.0,0.0,0.0,9.99,0.0,0.0,0.0,0.0,10.99,0.0,0.0,2.0,0.0,0.0,4.75,72.27,0,NA,NA
773,0.0,0.0,0.0,0.0,0.0,0.0,0.0,0.0,10.08,11.77,0.0,0.0,0.0,0.0,1.88,0.0,0.0,4.79,71.48,0,NA,NA
774,0.0,0.0,8.98,0.0,0.0,0.0,0.0,10.76,0.0,0.0,0.0,0.0,0.0,0.0,3.16,0.0,0.0,2.7,74.4,1,LOW,NEWTONIAN
775,0.0,0.0,0.0,0.0,0.0,0.0,0.0,9.98,0.0,13.04,0.0,0.0,0.0,0.0,2.78,0.0,0.0,1.04,73.16,1,VERY-LOW,NEWTONIAN
776,0.0,0.0,0.0,0.0,0.0,0.0,11.21,0.0,0.0,0.0,7.94,0.0,0.0,0.0,1.53,0.0,0.0,4.04,75.28,0,NA,NA
777,0.0,0.0,0.0,11.17,0.0,12.74,0.0,0.0,0.0,0.0,0.0,0.0,0.0,0.0,2.82,0.0,0.0,5.05,68.22,0,NA,NA
778,7.73,0.0,0.0,0.0,8.85,0.0,0.0,0.0,0.0,0.0,0.0,0.0,0.0,0.0,2.78,0.0,0.0,1.94,78.7,1,LOW,SHEAR-THIN
779,0.0,0.0,10.48,0.0,0.0,0.0,0.0,0.0,0.0,13.33,0.0,0.0,0.0,0.0,1.41,0.0,0.0,2.72,72.06,1,LOW,NEWTONIAN
780,0.0,0.0,0.0,7.69,0.0,0.0,0.0,12.5,0.0,0.0,0.0,0.0,0.0,0.0,0.92,0.0,0.0,1.66,77.23,0,NA,NA
781,0.0,0.0,0.0,0.0,0.0,8.45,0.0,0.0,0.0,0.0,0.0,8.47,0.0,0.0,1.28,0.0,0.0,1.04,80.76,0,NA,NA
782,7.82,7.88,0.0,0.0,0.0,0.0,0.0,0.0,0.0,0.0,0.0,0.0,0.0,0.0,3.09,0.0,0.0,4.69,76.52,0,NA,NA
783,0.0,0.0,0.0,0.0,0.0,12.71,10.96,0.0,0.0,0.0,0.0,0.0,0.0,0.0,2.42,0.0,0.0,2.46,71.45,0,NA,NA
784,0.0,0.0,0.0,0.0,0.0,0.0,0.0,0.0,10.49,0.0,8.67,0.0,0.0,0.0,1.49,0.0,0.0,3.62,75.73,0,NA,NA
785,0.0,12.39,0.0,0.0,0.0,0.0,0.0,0.0,12.57,0.0,0.0,0.0,0.0,0.0,1.32,0.0,0.0,3.81,69.91,1,MEDIUM,NEWTONIAN
786,0.0,0.0,0.0,0.0,0.0,0.0,0.0,5.41,0.0,0.0,0.0,10.78,0.0,0.0,3.13,0.0,0.0,2.04,78.64,0,NA,NA
788,15.21,0.0,0.0,0.0,0.0,0.0,0.0,6.1,0.0,0.0,0.0,0.0,0.0,0.0,1.41,0.0,0.0,4.6,72.68,1,HIGH,OTHER
789,0.0,0.0,10.08,0.0,0.0,12.41,0.0,0.0,0.0,0.0,0.0,0.0,0.0,0.0,2.54,0.0,0.0,2.26,72.71,1,LOW,NEWTONIAN
790,0.0,0.0,0.0,0.0,0.0,11.06,0.0,0.0,0.0,11.34,0.0,0.0,0.0,0.0,3.65,0.0,0.0,3.92,70.03,0,NA,NA
791,0.0,0.0,0.0,0.0,10.97,0.0,0.0,0.0,9.24,0.0,0.0,0.0,0.0,0.0,2.31,0.0,0.0,1.62,75.86,1,MEDIUM,SHEAR-THIN
792,0.0,0.0,0.0,10.13,0.0,0.0,9.77,0.0,0.0,0.0,0.0,0.0,0.0,0.0,3.39,0.0,0.0,4.43,72.28,0,NA,NA
793,0.0,0.0,0.0,0.0,0.0,0.0,0.0,5.96,8.82,0.0,0.0,0.0,0.0,0.0,1.8,0.0,0.0,3.38,80.04,0,NA,NA
794,0.0,0.0,0.0,0.0,0.0,0.0,0.0,0.0,0.0,7.98,0.0,12.95,0.0,0.0,2.91,0.0,0.0,4.6,71.56,0,NA,NA
795,0.0,0.0,0.0,0.0,11.81,0.0,0.0,0.0,0.0,0.0,8.44,0.0,0.0,0.0,2.91,0.0,0.0,1.87,74.97,1,MEDIUM,SHEAR-THIN
796,0.0,10.11,0.0,0.0,0.0,8.68,0.0,0.0,0.0,0.0,0.0,0.0,0.0,0.0,1.34,0.0,0.0,2.77,77.1,1,VERY-LOW,NEWTONIAN
797,0.0,0.0,0.0,7.43,9.92,0.0,0.0,0.0,0.0,0.0,0.0,0.0,0.0,0.0,1.71,0.0,0.0,4.32,76.62,1,MEDIUM,SHEAR-THIN
798,0.0,0.0,7.64,0.0,0.0,0.0,0.0,0.0,8.53,0.0,0.0,0.0,0.0,0.0,2.26,0.0,0.0,2.66,78.91,1,VERY-LOW,NEWTONIAN
799,0.0,0.0,0.0,0.0,0.0,0.0,0.0,9.88,0.0,9.03,0.0,0.0,0.0,0.0,1.14,0.0,0.0,4.25,75.7,0,NA,NA
800,0.0,0.0,0.0,0.0,0.0,7.39,0.0,8.95,0.0,0.0,0.0,0.0,0.0,0.0,2.64,0.0,0.0,1.8,79.22,0,NA,NA
801,10.18,0.0,0.0,11.11,0.0,0.0,0.0,0.0,0.0,0.0,0.0,0.0,0.0,0.0,1.41,0.0,0.0,1.59,75.71,1,MEDIUM,SHEAR-THIN
802,0.0,0.0,0.0,0.0,0.0,0.0,11.89,12.18,0.0,0.0,0.0,0.0,0.0,0.0,3.09,0.0,0.0,3.39,69.45,1,HIGH,SHEAR-THIN
803,0.0,0.0,0.0,0.0,0.0,0.0,12.41,0.0,7.92,0.0,0.0,0.0,0.0,0.0,2.3,0.0,0.0,1.43,75.94,1,VERY-LOW,NEWTONIAN
804,12.6,0.0,0.0,9.25,0.0,0.0,0.0,0.0,0.0,0.0,0.0,0.0,0.0,0.0,2.8,0.0,0.0,4.66,70.69,0,NA,NA
805,0.0,0.0,10.94,0.0,0.0,0.0,13.2,0.0,0.0,0.0,0.0,0.0,0.0,0.0,1.99,0.0,0.0,1.6,72.27,1,VERY-LOW,NEWTONIAN
806,0.0,0.0,0.0,0.0,7.59,0.0,8.78,0.0,0.0,0.0,0.0,0.0,0.0,0.0,1.06,0.0,0.0,4.57,78.0,0,NA,NA
807,0.0,0.0,0.0,0.0,10.62,0.0,0.0,0.0,0.0,0.0,0.0,12.25,0.0,0.0,1.04,0.0,0.0,4.77,71.32,0,NA,NA
808,0.0,0.0,0.0,7.03,0.0,0.0,0.0,0.0,9.57,0.0,0.0,0.0,0.0,0.0,1.62,0.0,0.0,2.01,79.77,0,NA,NA
809,0.0,11.5,8.82,0.0,0.0,0.0,0.0,0.0,0.0,0.0,0.0,0.0,0.0,0.0,1.42,0.0,0.0,2.35,75.91,1,VERY-LOW,NEWTONIAN
810,10.05,0.0,0.0,0.0,0.0,0.0,0.0,0.0,0.0,0.0,11.64,0.0,0.0,0.0,2.25,0.0,0.0,1.36,74.7,1,MEDIUM,SHEAR-THIN
811,0.0,9.81,0.0,0.0,0.0,0.0,0.0,0.0,0.0,0.0,10.57,0.0,0.0,0.0,2.66,0.0,0.0,2.96,74.0,0,NA,NA
812,0.0,0.0,9.4,0.0,0.0,0.0,0.0,0.0,10.04,0.0,0.0,0.0,0.0,0.0,2.99,0.0,0.0,1.62,75.95,1,VERY-LOW,NEWTONIAN
813,0.0,0.0,0.0,0.0,0.0,0.0,0.0,0.0,8.28,0.0,0.0,12.23,0.0,0.0,1.75,0.0,0.0,3.01,74.73,1,HIGH,SHEAR-THIN
814,0.0,0.0,0.0,7.53,0.0,0.0,0.0,5.94,0.0,0.0,0.0,0.0,0.0,0.0,2.39,0.0,0.0,4.68,79.46,0,NA,NA
815,0.0,0.0,12.27,0.0,0.0,0.0,0.0,0.0,0.0,8.34,0.0,0.0,0.0,0.0,1.73,0.0,0.0,4.7,72.96,0,NA,NA
816,0.0,0.0,7.37,0.0,0.0,0.0,0.0,0.0,0.0,11.77,0.0,0.0,0.0,0.0,2.99,0.0,0.0,2.19,75.68,0,NA,NA
817,7.93,0.0,0.0,0.0,9.29,0.0,0.0,0.0,0.0,0.0,0.0,0.0,0.0,0.0,1.26,0.0,0.0,4.45,77.07,0,NA,NA
818,6.61,0.0,0.0,0.0,0.0,0.0,0.0,0.0,0.0,0.0,0.0,12.7,0.0,0.0,2.22,0.0,0.0,4.1,74.37,0,NA,NA
819,0.0,0.0,0.0,0.0,0.0,12.37,0.0,0.0,0.0,0.0,9.03,0.0,0.0,0.0,1.2,0.0,0.0,3.49,73.91,0,NA,NA
820,0.0,0.0,12.27,0.0,8.79,0.0,0.0,0.0,0.0,0.0,0.0,0.0,0.0,0.0,1.95,0.0,0.0,2.46,74.53,1,LOW,NEWTONIAN
821,0.0,0.0,0.0,0.0,9.09,0.0,0.0,9.23,0.0,0.0,0.0,0.0,0.0,0.0,1.8,0.0,0.0,3.56,76.32,0,NA,NA
822,0.0,0.0,12.09,0.0,0.0,0.0,12.02,0.0,0.0,0.0,0.0,0.0,0.0,0.0,2.75,0.0,0.0,0.26,72.88,1,VERY-LOW,NEWTONIAN
