source_file_hash,dataset_id,source_record_id,data_origin,schema_version,Texapon SB 3 KC,Plantapon ACG 50,Plantapon LC 7,Plantacare 818,Plantacare 2000,Dehyton MC,Dehyton PK 45,Dehyton ML,Dehyton AB 30,Plantapon Amino SCG-L,Plantapon Amino KG-L,Dehyquart A-CA,Luviquat Excellence,Dehyquart CC6,Dehyquart CC7 Benz,Salcare Super 7,Arlypon F,Arlypon TT,water_wt_pct,surfactant_total_wt_pct,surfactant_primary_ratio,polymer_total_wt_pct,thickener_total_wt_pct,target_name,target_value,target_error,target_unit,measured_shear_rate_s_minus_1,rheology_type,viscosity_category
3a195870782e6fd87bdd7499cbb4fe201d025b2cda05f9eee9fb9477f34b58bd,NATURE_812_SHAMPOO_2024,7,PUBLIC_BENCHMARK,1.0,0.0,0.0,0.0,11.53,0.0,0.0,0.0,0.0,0.0,0.0,0.0,9.53,1.52,0.0,0.0,0.0,0.0,2.69,74.73,21.06,0.5475,1.52,2.69,viscosity_at_100s,101.029,16.911,mPa.s,96.964,OTHER,HIGH
3a195870782e6fd87bdd7499cbb4fe201d025b2cda05f9eee9fb9477f34b58bd,NATURE_812_SHAMPOO_2024,8,PUBLIC_BENCHMARK,1.0,0.0,0.0,0.0,11.64,0.0,0.0,0.0,0.0,0.0,0.0,0.0,11.79,2.66,0.0,0.0,0.0,0.0,2.75,71.16,23.43,0.5032,2.66,2.75,viscosity_at_100s,56.998,11.971,mPa.s,96.955,OTHER,HIGH
3a195870782e6fd87bdd7499cbb4fe201d025b2cda05f9eee9fb9477f34b58bd,NATURE_812_SHAMPOO_2024,11,PUBLIC_BENCHMARK,1.0,0.0,0.0,0.0,9.99,0.0,0.0,0.0,0.0,0.0,0.0,0.0,8.18,1.78,0.0,0.0,0.0,0.0,1.66,78.39,18.17,0.5498,1.78,1.66,viscosity_at_100s,449.858,32.497,mPa.s,96.909,SHEAR-THIN,MEDIUM
3a195870782e6fd87bdd7499cbb4fe201d025b2cda05f9eee9fb9477f34b58bd,NATURE_812_SHAMPOO_2024,14,PUBLIC_BENCHMARK,1.0,0.0,0.0,0.0,0.0,0.0,0.0,11.98,0.0,8.47,0.0,0.0,0.0,2.34,0.0,0.0,0.0,0.0,2.29,74.92,20.45,0.5858,2.34,2.29,viscosity_at_100s,1493.103,64.273,mPa.s,96.97,SHEAR-THIN,HIGH
3a195870782e6fd87bdd7499cbb4fe201d025b2cda05f9eee9fb9477f34b58bd,NATURE_812_SHAMPOO_2024,15,PUBLIC_BENCHMARK,1.0,0.0,0.0,0.0,0.0,0.0,0.0,11.1,0.0,10.88,0.0,0.0,0.0,2.49,0.0,0.0,0.0,0.0,2.61,72.92,21.98,0.505,2.49,2.61,viscosity_at_100s,1687.15,68.857,mPa.s,96.95,SHEAR-THIN,HIGH
3a195870782e6fd87bdd7499cbb4fe201d025b2cda05f9eee9fb9477f34b58bd,NATURE_812_SHAMPOO_2024,16,PUBLIC_BENCHMARK,1.0,0.0,0.0,0.0,0.0,0.0,0.0,12.85,0.0,11.66,0.0,0.0,0.0,2.68,0.0,0.0,0.0,0.0,1.74,71.07,24.51,0.5243,2.68,1.74,viscosity_at_100s,20.353,0.182,mPa.s,96.977,NEWTONIAN,LOW
3a195870782e6fd87bdd7499cbb4fe201d025b2cda05f9eee9fb9477f34b58bd,NATURE_812_SHAMPOO_2024,17,PUBLIC_BENCHMARK,1.0,0.0,0.0,0.0,0.0,0.0,0.0,10.27,0.0,9.72,0.0,0.0,0.0,2.92,0.0,0.0,0.0,0.0,2.29,74.8,19.99,0.5138,2.92,2.29,viscosity_at_100s,962.942,36.963,mPa.s,96.97,SHEAR-THIN,HIGH
3a195870782e6fd87bdd7499cbb4fe201d025b2cda05f9eee9fb9477f34b58bd,NATURE_812_SHAMPOO_2024,18,PUBLIC_BENCHMARK,1.0,0.0,0.0,0.0,0.0,0.0,0.0,12.46,0.0,8.71,0.0,0.0,0.0,1.56,0.0,0.0,0.0,0.0,3.12,74.15,21.17,0.5886,1.56,3.12,viscosity_at_100s,50.318,8.832,mPa.s,96.962,OTHER,HIGH
3a195870782e6fd87bdd7499cbb4fe201d025b2cda05f9eee9fb9477f34b58bd,NATURE_812_SHAMPOO_2024,25,PUBLIC_BENCHMARK,1.0,0.0,11.96,0.0,0.0,0.0,12.31,0.0,0.0,0.0,0.0,0.0,0.0,1.79,0.0,0.0,0.0,0.0,2.35,71.59,24.27,0.5072,1.79,2.35,viscosity_at_100s,5.265,0.3,mPa.s,96.985,NEWTONIAN,VERY-LOW
3a195870782e6fd87bdd7499cbb4fe201d025b2cda05f9eee9fb9477f34b58bd,NATURE_812_SHAMPOO_2024,27,PUBLIC_BENCHMARK,1.0,0.0,8.88,0.0,0.0,0.0,13.07,0.0,0.0,0.0,0.0,0.0,0.0,1.31,0.0,0.0,0.0,0.0,2.19,74.55,21.95,0.5954,1.31,2.19,viscosity_at_100s,5.603,1.032,mPa.s,96.978,NEWTONIAN,VERY-LOW
3a195870782e6fd87bdd7499cbb4fe201d025b2cda05f9eee9fb9477f34b58bd,NATURE_812_SHAMPOO_2024,28,PUBLIC_BENCHMARK,1.0,0.0,11.68,0.0,0.0,0.0,9.86,0.0,0.0,0.0,0.0,0.0,0.0,1.49,0.0,0.0,0.0,0.0,1.66,75.31,21.54,0.5422,1.49,1.66,viscosity_at_100s,2.403,0.247,mPa.s,96.99,NEWTONIAN,VERY-LOW
3a195870782e6fd87bdd7499cbb4fe201d025b2cda05f9eee9fb9477f34b58bd,NATURE_812_SHAMPOO_2024,29,PUBLIC_BENCHMARK,1.0,0.0,10.14,0.0,0.0,0.0,13.26,0.0,0.0,0.0,0.0,0.0,0.0,2.41,0.0,0.0,0.0,0.0,3.18,71.01,23.4,0.5667,2.41,3.18,viscosity_at_100s,181.06,3.576,mPa.s,96.983,SHEAR-THIN,MEDIUM
3a195870782e6fd87bdd7499cbb4fe201d025b2cda05f9eee9fb9477f34b58bd,NATURE_812_SHAMPOO_2024,33,PUBLIC_BENCHMARK,1.0,0.0,0.0,12.14,0.0,12.58,0.0,0.0,0.0,0.0,0.0,0.0,0.0,1.21,0.0,0.0,0.0,0.0,4.82,69.25,24.72,0.5089,1.21,4.82,viscosity_at_100s,1276.993,31.703,mPa.s,96.918,SHEAR-THIN,HIGH
3a195870782e6fd87bdd7499cbb4fe201d025b2cda05f9eee9fb9477f34b58bd,NATURE_812_SHAMPOO_2024,52,PUBLIC_BENCHMARK,1.0,0.0,8.33,0.0,0.0,0.0,0.0,12.09,0.0,0.0,0.0,0.0,0.0,1.33,0.0,0.0,0.0,0.0,2.32,75.93,20.42,0.5921,1.33,2.32,viscosity_at_100s,7.278,0.148,mPa.s,96.958,NEWTONIAN,VERY-LOW
3a195870782e6fd87bdd7499cbb4fe201d025b2cda05f9eee9fb9477f34b58bd,NATURE_812_SHAMPOO_2024,63,PUBLIC_BENCHMARK,1.0,0.0,0.0,11.88,0.0,0.0,0.0,0.0,0.0,12.0,0.0,0.0,0.0,1.91,0.0,0.0,0.0,0.0,2.91,71.3,23.88,0.5025,1.91,2.91,viscosity_at_100s,18.788,0.23,mPa.s,96.939,NEWTONIAN,LOW
3a195870782e6fd87bdd7499cbb4fe201d025b2cda05f9eee9fb9477f34b58bd,NATURE_812_SHAMPOO_2024,67,PUBLIC_BENCHMARK,1.0,0.0,0.0,0.0,9.36,12.58,0.0,0.0,0.0,0.0,0.0,0.0,0.0,1.52,0.0,0.0,0.0,0.0,2.74,73.8,21.94,0.5734,1.52,2.74,viscosity_at_100s,95.973,6.801,mPa.s,96.977,NEWTONIAN,MEDIUM
3a195870782e6fd87bdd7499cbb4fe201d025b2cda05f9eee9fb9477f34b58bd,NATURE_812_SHAMPOO_2024,101,PUBLIC_BENCHMARK,1.0,0.0,0.0,0.0,0.0,0.0,9.87,0.0,0.0,13.09,0.0,0.0,0.0,1.15,0.0,0.0,0.0,0.0,1.23,74.66,22.96,0.5701,1.15,1.23,viscosity_at_100s,45.037,0.18,mPa.s,96.985,SHEAR-THIN,LOW
3a195870782e6fd87bdd7499cbb4fe201d025b2cda05f9eee9fb9477f34b58bd,NATURE_812_SHAMPOO_2024,102,PUBLIC_BENCHMARK,1.0,0.0,0.0,0.0,8.37,9.11,0.0,0.0,0.0,0.0,0.0,0.0,0.0,2.35,0.0,0.0,0.0,0.0,1.44,78.73,17.48,0.5212,2.35,1.44,viscosity_at_100s,7.294,0.488,mPa.s,96.942,NEWTONIAN,VERY-LOW
3a195870782e6fd87bdd7499cbb4fe201d025b2cda05f9eee9fb9477f34b58bd,NATURE_812_SHAMPOO_2024,103,PUBLIC_BENCHMARK,1.0,0.0,0.0,0.0,0.0,0.0,0.0,0.0,0.0,8.15,0.0,0.0,10.31,2.5,0.0,0.0,0.0,0.0,1.52,77.52,18.46,0.5585,2.5,1.52,viscosity_at_100s,4.07,0.389,mPa.s,96.966,NEWTONIAN,VERY-LOW
3a195870782e6fd87bdd7499cbb4fe201d025b2cda05f9eee9fb9477f34b58bd,NATURE_812_SHAMPOO_2024,109,PUBLIC_BENCHMARK,1.0,0.0,11.91,0.0,0.0,0.0,0.0,0.0,9.94,0.0,0.0,0.0,0.0,1.1,0.0,0.0,0.0,0.0,0.94,76.11,21.85,0.5451,1.1,0.94,viscosity_at_100s,2.099,0.074,mPa.s,96.983,NEWTONIAN,VERY-LOW
3a195870782e6fd87bdd7499cbb4fe201d025b2cda05f9eee9fb9477f34b58bd,NATURE_812_SHAMPOO_2024,111,PUBLIC_BENCHMARK,1.0,0.0,0.0,0.0,8.53,7.62,0.0,0.0,0.0,0.0,0.0,0.0,0.0,0.98,0.0,0.0,0.0,0.0,1.33,81.54,16.15,0.5282,0.98,1.33,viscosity_at_100s,5.813,0.233,mPa.s,96.956,NEWTONIAN,VERY-LOW
3a195870782e6fd87bdd7499cbb4fe201d025b2cda05f9eee9fb9477f34b58bd,NATURE_812_SHAMPOO_2024,113,PUBLIC_BENCHMARK,1.0,0.0,0.0,0.0,0.0,0.0,12.39,8.04,0.0,0.0,0.0,0.0,0.0,3.02,0.0,0.0,0.0,0.0,1.31,75.24,20.43,0.6065,3.02,1.31,viscosity_at_100s,161.398,10.742,mPa.s,96.975,SHEAR-THIN,MEDIUM
3a195870782e6fd87bdd7499cbb4fe201d025b2cda05f9eee9fb9477f34b58bd,NATURE_812_SHAMPOO_2024,116,PUBLIC_BENCHMARK,1.0,0.0,0.0,0.0,0.0,0.0,0.0,0.0,0.0,9.13,0.0,0.0,11.78,2.81,0.0,0.0,0.0,0.0,2.11,74.17,20.91,0.5634,2.81,2.11,viscosity_at_100s,43.96,0.503,mPa.s,96.971,SHEAR-THIN,LOW
3a195870782e6fd87bdd7499cbb4fe201d025b2cda05f9eee9fb9477f34b58bd,NATURE_812_SHAMPOO_2024,131,PUBLIC_BENCHMARK,1.0,0.0,0.0,0.0,0.0,0.0,0.0,11.28,0.0,0.0,0.0,0.0,13.02,1.55,0.0,0.0,0.0,0.0,2.16,71.99,24.3,0.5358,1.55,2.16,viscosity_at_100s,53.647,5.269,mPa.s,96.994,OTHER,MEDIUM
3a195870782e6fd87bdd7499cbb4fe201d025b2cda05f9eee9fb9477f34b58bd,NATURE_812_SHAMPOO_2024,137,PUBLIC_BENCHMARK,1.0,0.0,0.0,0.0,0.0,11.32,0.0,12.14,0.0,0.0,0.0,0.0,0.0,2.05,0.0,0.0,0.0,0.0,1.9,72.59,23.46,0.5175,2.05,1.9,viscosity_at_100s,648.693,71.49,mPa.s,96.958,OTHER,HIGH
3a195870782e6fd87bdd7499cbb4fe201d025b2cda05f9eee9fb9477f34b58bd,NATURE_812_SHAMPOO_2024,142,PUBLIC_BENCHMARK,1.0,0.0,0.0,0.0,10.13,8.85,0.0,0.0,0.0,0.0,0.0,0.0,0.0,2.07,0.0,0.0,0.0,0.0,1.83,77.12,18.98,0.5337,2.07,1.83,viscosity_at_100s,12.587,0.211,mPa.s,96.969,NEWTONIAN,LOW
3a195870782e6fd87bdd7499cbb4fe201d025b2cda05f9eee9fb9477f34b58bd,NATURE_812_SHAMPOO_2024,145,PUBLIC_BENCHMARK,1.0,0.0,0.0,0.0,0.0,11.25,0.0,0.0,0.0,12.96,0.0,0.0,0.0,2.72,0.0,0.0,0.0,0.0,1.0,72.07,24.21,0.5353,2.72,1.0,viscosity_at_100s,24.836,0.978,mPa.s,96.98,NEWTONIAN,LOW
3a195870782e6fd87bdd7499cbb4fe201d025b2cda05f9eee9fb9477f34b58bd,NATURE_812_SHAMPOO_2024,147,PUBLIC_BENCHMARK,1.0,0.0,0.0,0.0,6.58,12.27,0.0,0.0,0.0,0.0,0.0,0.0,0.0,2.88,0.0,0.0,0.0,0.0,3.68,74.59,18.85,0.6509,2.88,3.68,viscosity_at_100s,217.12,5.204,mPa.s,96.987,SHEAR-THIN,MEDIUM
3a195870782e6fd87bdd7499cbb4fe201d025b2cda05f9eee9fb9477f34b58bd,NATURE_812_SHAMPOO_2024,150,PUBLIC_BENCHMARK,1.0,0.0,0.0,0.0,12.49,0.0,0.0,0.0,0.0,9.58,0.0,0.0,0.0,2.52,0.0,0.0,0.0,0.0,1.66,73.75,22.07,0.5659,2.52,1.66,viscosity_at_100s,220.038,0.918,mPa.s,96.977,SHEAR-THIN,MEDIUM
3a195870782e6fd87bdd7499cbb4fe201d025b2cda05f9eee9fb9477f34b58bd,NATURE_812_SHAMPOO_2024,151,PUBLIC_BENCHMARK,1.0,0.0,10.96,0.0,0.0,0.0,0.0,12.72,0.0,0.0,0.0,0.0,0.0,1.56,0.0,0.0,0.0,0.0,1.1,73.66,23.68,0.5372,1.56,1.1,viscosity_at_100s,2.682,0.039,mPa.s,96.963,NEWTONIAN,VERY-LOW
3a195870782e6fd87bdd7499cbb4fe201d025b2cda05f9eee9fb9477f34b58bd,NATURE_812_SHAMPOO_2024,153,PUBLIC_BENCHMARK,1.0,0.0,0.0,0.0,13.2,6.73,0.0,0.0,0.0,0.0,0.0,0.0,0.0,1.34,0.0,0.0,0.0,0.0,3.75,74.98,19.93,0.6623,1.34,3.75,viscosity_at_100s,204.898,17.062,mPa.s,96.925,SHEAR-THIN,MEDIUM
3a195870782e6fd87bdd7499cbb4fe201d025b2cda05f9eee9fb9477f34b58bd,NATURE_812_SHAMPOO_2024,154,PUBLIC_BENCHMARK,1.0,0.0,0.0,0.0,0.0,13.36,0.0,10.5,0.0,0.0,0.0,0.0,0.0,2.7,0.0,0.0,0.0,0.0,1.62,71.82,23.86,0.5599,2.7,1.62,viscosity_at_100s,735.872,48.311,mPa.s,96.968,SHEAR-THIN,MEDIUM
3a195870782e6fd87bdd7499cbb4fe201d025b2cda05f9eee9fb9477f34b58bd,NATURE_812_SHAMPOO_2024,155,PUBLIC_BENCHMARK,1.0,0.0,0.0,0.0,0.0,0.0,0.0,9.29,0.0,10.5,0.0,0.0,0.0,1.39,0.0,0.0,0.0,0.0,1.28,77.54,19.79,0.5306,1.39,1.28,viscosity_at_100s,3.408,0.106,mPa.s,96.981,NEWTONIAN,VERY-LOW
3a195870782e6fd87bdd7499cbb4fe201d025b2cda05f9eee9fb9477f34b58bd,NATURE_812_SHAMPOO_2024,157,PUBLIC_BENCHMARK,1.0,0.0,0.0,0.0,8.29,10.5,0.0,0.0,0.0,0.0,0.0,0.0,0.0,0.89,0.0,0.0,0.0,0.0,4.26,76.06,18.79,0.5588,0.89,4.26,viscosity_at_100s,249.758,1.653,mPa.s,96.968,SHEAR-THIN,MEDIUM
3a195870782e6fd87bdd7499cbb4fe201d025b2cda05f9eee9fb9477f34b58bd,NATURE_812_SHAMPOO_2024,159,PUBLIC_BENCHMARK,1.0,0.0,0.0,0.0,0.0,0.0,0.0,0.0,0.0,10.4,0.0,0.0,8.87,2.63,0.0,0.0,0.0,0.0,1.4,76.7,19.27,0.5397,2.63,1.4,viscosity_at_100s,2.81,0.4935,mPa.s,96.928,NEWTONIAN,VERY-LOW
3a195870782e6fd87bdd7499cbb4fe201d025b2cda05f9eee9fb9477f34b58bd,NATURE_812_SHAMPOO_2024,160,PUBLIC_BENCHMARK,1.0,0.0,0.0,0.0,13.19,13.32,0.0,0.0,0.0,0.0,0.0,0.0,0.0,2.18,0.0,0.0,0.0,0.0,4.63,66.68,26.51,0.5025,2.18,4.63,viscosity_at_100s,238.294,6.884,mPa.s,96.953,NEWTONIAN,MEDIUM
3a195870782e6fd87bdd7499cbb4fe201d025b2cda05f9eee9fb9477f34b58bd,NATURE_812_SHAMPOO_2024,164,PUBLIC_BENCHMARK,1.0,0.0,0.0,0.0,0.0,0.0,0.0,0.0,0.0,12.33,0.0,0.0,12.73,1.4,0.0,0.0,0.0,0.0,1.65,71.89,25.06,0.508,1.4,1.65,viscosity_at_100s,3.559,0.083,mPa.s,96.971,NEWTONIAN,VERY-LOW
3a195870782e6fd87bdd7499cbb4fe201d025b2cda05f9eee9fb9477f34b58bd,NATURE_812_SHAMPOO_2024,166,PUBLIC_BENCHMARK,1.0,0.0,0.0,0.0,10.83,7.2,0.0,0.0,0.0,0.0,0.0,0.0,0.0,2.78,0.0,0.0,0.0,0.0,3.28,75.91,18.03,0.6007,2.78,3.28,viscosity_at_100s,221.994,3.484,mPa.s,96.96,SHEAR-THIN,MEDIUM
3a195870782e6fd87bdd7499cbb4fe201d025b2cda05f9eee9fb9477f34b58bd,NATURE_812_SHAMPOO_2024,167,PUBLIC_BENCHMARK,1.0,0.0,0.0,0.0,0.0,0.0,0.0,8.25,0.0,0.0,0.0,0.0,11.68,1.03,0.0,0.0,0.0,0.0,2.04,77.0,19.93,0.5861,1.03,2.04,viscosity_at_100s,51.014,23.286,mPa.s,96.945,OTHER,MEDIUM
3a195870782e6fd87bdd7499cbb4fe201d025b2cda05f9eee9fb9477f34b58bd,NATURE_812_SHAMPOO_2024,169,PUBLIC_BENCHMARK,1.0,0.0,10.27,0.0,0.0,0.0,0.0,0.0,11.38,0.0,0.0,0.0,0.0,2.07,0.0,0.0,0.0,0.0,1.19,75.09,21.65,0.5256,2.07,1.19,viscosity_at_100s,1.928,0.124,mPa.s,96.952,NEWTONIAN,VERY-LOW
3a195870782e6fd87bdd7499cbb4fe201d025b2cda05f9eee9fb9477f34b58bd,NATURE_812_SHAMPOO_2024,170,PUBLIC_BENCHMARK,1.0,0.0,0.0,0.0,0.0,0.0,0.0,0.0,8.92,12.68,0.0,0.0,0.0,1.9,0.0,0.0,0.0,0.0,1.8,74.7,21.6,0.587,1.9,1.8,viscosity_at_100s,238.11,0.689,mPa.s,96.928,SHEAR-THIN,MEDIUM
3a195870782e6fd87bdd7499cbb4fe201d025b2cda05f9eee9fb9477f34b58bd,NATURE_812_SHAMPOO_2024,171,PUBLIC_BENCHMARK,1.0,0.0,0.0,0.0,0.0,0.0,0.0,0.0,0.0,12.89,0.0,0.0,9.8,2.08,0.0,0.0,0.0,0.0,2.47,72.76,22.69,0.5681,2.08,2.47,viscosity_at_100s,162.158,1.524,mPa.s,96.96,SHEAR-THIN,MEDIUM
3a195870782e6fd87bdd7499cbb4fe201d025b2cda05f9eee9fb9477f34b58bd,NATURE_812_SHAMPOO_2024,176,PUBLIC_BENCHMARK,1.0,0.0,0.0,0.0,12.92,10.9,0.0,0.0,0.0,0.0,0.0,0.0,0.0,1.37,0.0,0.0,0.0,0.0,2.62,72.19,23.82,0.5424,1.37,2.62,viscosity_at_100s,85.428,0.553,mPa.s,96.954,SHEAR-THIN,LOW
3a195870782e6fd87bdd7499cbb4fe201d025b2cda05f9eee9fb9477f34b58bd,NATURE_812_SHAMPOO_2024,179,PUBLIC_BENCHMARK,1.0,0.0,0.0,0.0,0.0,0.0,0.0,9.52,0.0,13.08,0.0,0.0,0.0,2.79,0.0,0.0,0.0,0.0,1.65,72.96,22.6,0.5788,2.79,1.65,viscosity_at_100s,9.562,0.34,mPa.s,96.936,NEWTONIAN,VERY-LOW
3a195870782e6fd87bdd7499cbb4fe201d025b2cda05f9eee9fb9477f34b58bd,NATURE_812_SHAMPOO_2024,180,PUBLIC_BENCHMARK,1.0,0.0,0.0,0.0,0.0,0.0,0.0,0.0,0.0,11.28,0.0,0.0,8.45,1.15,0.0,0.0,0.0,0.0,1.56,77.56,19.73,0.5717,1.15,1.56,viscosity_at_100s,2.71,0.3194,mPa.s,96.983,NEWTONIAN,VERY-LOW
3a195870782e6fd87bdd7499cbb4fe201d025b2cda05f9eee9fb9477f34b58bd,NATURE_812_SHAMPOO_2024,183,PUBLIC_BENCHMARK,1.0,0.0,0.0,0.0,13.08,0.0,0.0,11.41,0.0,0.0,0.0,0.0,0.0,2.86,0.0,0.0,0.0,0.0,1.46,71.19,24.49,0.5341,2.86,1.46,viscosity_at_100s,1391.387,74.049,mPa.s,96.945,SHEAR-THIN,HIGH
3a195870782e6fd87bdd7499cbb4fe201d025b2cda05f9eee9fb9477f34b58bd,NATURE_812_SHAMPOO_2024,186,PUBLIC_BENCHMARK,1.0,0.0,0.0,0.0,9.37,0.0,0.0,0.0,0.0,12.24,0.0,0.0,0.0,2.82,0.0,0.0,0.0,0.0,1.59,73.98,21.61,0.5664,2.82,1.59,viscosity_at_100s,126.834,3.772,mPa.s,96.954,OTHER,MEDIUM
3a195870782e6fd87bdd7499cbb4fe201d025b2cda05f9eee9fb9477f34b58bd,NATURE_812_SHAMPOO_2024,188,PUBLIC_BENCHMARK,1.0,0.0,0.0,0.0,0.0,0.0,0.0,10.15,0.0,8.02,0.0,0.0,0.0,1.18,0.0,0.0,0.0,0.0,1.1,79.55,18.17,0.5586,1.18,1.1,viscosity_at_100s,2.843,0.246,mPa.s,96.959,NEWTONIAN,VERY-LOW
3a195870782e6fd87bdd7499cbb4fe201d025b2cda05f9eee9fb9477f34b58bd,NATURE_812_SHAMPOO_2024,189,PUBLIC_BENCHMARK,1.0,0.0,0.0,0.0,12.42,8.93,0.0,0.0,0.0,0.0,0.0,0.0,0.0,2.51,0.0,0.0,0.0,0.0,1.28,74.86,21.35,0.5817,2.51,1.28,viscosity_at_100s,9.624,0.396,mPa.s,96.978,NEWTONIAN,VERY-LOW
3a195870782e6fd87bdd7499cbb4fe201d025b2cda05f9eee9fb9477f34b58bd,NATURE_812_SHAMPOO_2024,190,PUBLIC_BENCHMARK,1.0,0.0,0.0,0.0,0.0,0.0,0.0,0.0,0.0,9.03,0.0,0.0,9.54,1.09,0.0,0.0,0.0,0.0,1.2,79.14,18.57,0.5137,1.09,1.2,viscosity_at_100s,2.35,0.1241,mPa.s,96.972,NEWTONIAN,VERY-LOW
3a195870782e6fd87bdd7499cbb4fe201d025b2cda05f9eee9fb9477f34b58bd,NATURE_812_SHAMPOO_2024,191,PUBLIC_BENCHMARK,1.0,0.0,0.0,12.46,0.0,0.0,0.0,0.0,0.0,12.59,0.0,0.0,0.0,2.29,0.0,0.0,0.0,0.0,1.09,71.57,25.05,0.5026,2.29,1.09,viscosity_at_100s,5.364,0.047,mPa.s,96.989,NEWTONIAN,VERY-LOW
3a195870782e6fd87bdd7499cbb4fe201d025b2cda05f9eee9fb9477f34b58bd,NATURE_812_SHAMPOO_2024,192,PUBLIC_BENCHMARK,1.0,0.0,13.24,0.0,0.0,0.0,0.0,0.0,10.59,0.0,0.0,0.0,0.0,2.89,0.0,0.0,0.0,0.0,3.05,70.23,23.83,0.5556,2.89,3.05,viscosity_at_100s,7.514,0.188,mPa.s,96.961,NEWTONIAN,VERY-LOW
3a195870782e6fd87bdd7499cbb4fe201d025b2cda05f9eee9fb9477f34b58bd,NATURE_812_SHAMPOO_2024,195,PUBLIC_BENCHMARK,1.0,0.0,0.0,0.0,0.0,13.21,0.0,0.0,0.0,0.0,0.0,0.0,10.31,1.56,0.0,0.0,0.0,0.0,1.57,73.35,23.52,0.5616,1.56,1.57,viscosity_at_100s,14.334,0.388,mPa.s,96.982,NEWTONIAN,LOW
3a195870782e6fd87bdd7499cbb4fe201d025b2cda05f9eee9fb9477f34b58bd,NATURE_812_SHAMPOO_2024,196,PUBLIC_BENCHMARK,1.0,0.0,0.0,0.0,12.94,0.0,0.0,0.0,0.0,10.52,0.0,0.0,0.0,1.72,0.0,0.0,0.0,0.0,1.66,73.16,23.46,0.5516,1.72,1.66,viscosity_at_100s,1.623,,mPa.s,96.961,SHEAR-THIN,MEDIUM
3a195870782e6fd87bdd7499cbb4fe201d025b2cda05f9eee9fb9477f34b58bd,NATURE_812_SHAMPOO_2024,197,PUBLIC_BENCHMARK,1.0,0.0,0.0,0.0,12.88,7.99,0.0,0.0,0.0,0.0,0.0,0.0,0.0,2.17,0.0,0.0,0.0,0.0,3.03,73.93,20.87,0.6172,2.17,3.03,viscosity_at_100s,160.642,1.76,mPa.s,96.952,SHEAR-THIN,MEDIUM
3a195870782e6fd87bdd7499cbb4fe201d025b2cda05f9eee9fb9477f34b58bd,NATURE_812_SHAMPOO_2024,198,PUBLIC_BENCHMARK,1.0,0.0,0.0,0.0,0.0,13.5,0.0,0.0,0.0,11.34,0.0,0.0,0.0,2.86,0.0,0.0,0.0,0.0,2.95,69.35,24.84,0.5435,2.86,2.95,viscosity_at_100s,11.781,2.863,mPa.s,96.942,OTHER,LOW
3a195870782e6fd87bdd7499cbb4fe201d025b2cda05f9eee9fb9477f34b58bd,NATURE_812_SHAMPOO_2024,200,PUBLIC_BENCHMARK,1.0,0.0,0.0,0.0,7.0,10.79,0.0,0.0,0.0,0.0,0.0,0.0,0.0,2.56,0.0,0.0,0.0,0.0,3.48,76.17,17.79,0.6065,2.56,3.48,viscosity_at_100s,283.668,2.015,mPa.s,96.975,SHEAR-THIN,MEDIUM
3a195870782e6fd87bdd7499cbb4fe201d025b2cda05f9eee9fb9477f34b58bd,NATURE_812_SHAMPOO_2024,201,PUBLIC_BENCHMARK,1.0,0.0,0.0,10.64,0.0,0.0,0.0,0.0,0.0,0.0,0.0,0.0,11.8,1.26,0.0,0.0,0.0,0.0,1.43,74.87,22.44,0.5258,1.26,1.43,viscosity_at_100s,197.329,4.552,mPa.s,96.974,SHEAR-THIN,MEDIUM
3a195870782e6fd87bdd7499cbb4fe201d025b2cda05f9eee9fb9477f34b58bd,NATURE_812_SHAMPOO_2024,203,PUBLIC_BENCHMARK,1.0,0.0,0.0,0.0,0.0,0.0,0.0,13.04,0.0,0.0,0.0,0.0,9.25,1.63,0.0,0.0,0.0,0.0,1.7,74.38,22.29,0.585,1.63,1.7,viscosity_at_100s,581.81,78.4541,mPa.s,96.962,SHEAR-THIN,MEDIUM
3a195870782e6fd87bdd7499cbb4fe201d025b2cda05f9eee9fb9477f34b58bd,NATURE_812_SHAMPOO_2024,205,PUBLIC_BENCHMARK,1.0,0.0,0.0,0.0,11.7,8.48,0.0,0.0,0.0,0.0,0.0,0.0,0.0,1.22,0.0,0.0,0.0,0.0,3.95,74.65,20.18,0.5798,1.22,3.95,viscosity_at_100s,273.335,5.768,mPa.s,96.955,SHEAR-THIN,MEDIUM
3a195870782e6fd87bdd7499cbb4fe201d025b2cda05f9eee9fb9477f34b58bd,NATURE_812_SHAMPOO_2024,207,PUBLIC_BENCHMARK,1.0,0.0,0.0,9.82,0.0,0.0,0.0,0.0,0.0,13.09,0.0,0.0,0.0,1.37,0.0,0.0,0.0,0.0,2.33,73.39,22.91,0.5714,1.37,2.33,viscosity_at_100s,9.252,0.153,mPa.s,96.936,NEWTONIAN,VERY-LOW
3a195870782e6fd87bdd7499cbb4fe201d025b2cda05f9eee9fb9477f34b58bd,NATURE_812_SHAMPOO_2024,208,PUBLIC_BENCHMARK,1.0,0.0,0.0,0.0,9.91,0.0,0.0,0.0,0.0,0.0,0.0,0.0,12.25,1.23,0.0,0.0,0.0,0.0,1.65,74.96,22.16,0.5528,1.23,1.65,viscosity_at_100s,318.25,13.687,mPa.s,96.938,SHEAR-THIN,MEDIUM
3a195870782e6fd87bdd7499cbb4fe201d025b2cda05f9eee9fb9477f34b58bd,NATURE_812_SHAMPOO_2024,216,PUBLIC_BENCHMARK,1.0,0.0,0.0,0.0,10.28,13.05,0.0,0.0,0.0,0.0,0.0,0.0,0.0,1.01,0.0,0.0,0.0,0.0,1.97,73.69,23.33,0.5594,1.01,1.97,viscosity_at_100s,0.603,,mPa.s,96.957,NEWTONIAN,LOW
3a195870782e6fd87bdd7499cbb4fe201d025b2cda05f9eee9fb9477f34b58bd,NATURE_812_SHAMPOO_2024,217,PUBLIC_BENCHMARK,1.0,0.0,0.0,0.0,0.0,0.0,0.0,0.0,6.51,0.0,0.0,0.0,11.93,1.05,0.0,0.0,0.0,1.14,0.0,79.37,18.44,0.647,1.05,1.14,viscosity_at_100s,45.17,0.345,mPa.s,96.961,SHEAR-THIN,LOW
3a195870782e6fd87bdd7499cbb4fe201d025b2cda05f9eee9fb9477f34b58bd,NATURE_812_SHAMPOO_2024,231,PUBLIC_BENCHMARK,1.0,0.0,0.0,0.0,0.0,0.0,0.0,0.0,11.41,11.02,0.0,0.0,0.0,2.33,0.0,0.0,0.0,3.03,0.0,72.21,22.43,0.5087,2.33,3.03,viscosity_at_100s,69.979,1.41,mPa.s,96.927,SHEAR-THIN,LOW
3a195870782e6fd87bdd7499cbb4fe201d025b2cda05f9eee9fb9477f34b58bd,NATURE_812_SHAMPOO_2024,233,PUBLIC_BENCHMARK,1.0,0.0,0.0,0.0,6.93,12.13,0.0,0.0,0.0,0.0,0.0,0.0,0.0,1.43,0.0,0.0,0.0,3.45,0.0,76.06,19.06,0.6364,1.43,3.45,viscosity_at_100s,63.128,0.557,mPa.s,96.98,SHEAR-THIN,LOW
3a195870782e6fd87bdd7499cbb4fe201d025b2cda05f9eee9fb9477f34b58bd,NATURE_812_SHAMPOO_2024,241,PUBLIC_BENCHMARK,1.0,0.0,0.0,0.0,6.68,0.0,0.0,0.0,0.0,12.93,0.0,0.0,0.0,1.58,0.0,0.0,0.0,2.99,0.0,75.82,19.61,0.6594,1.58,2.99,viscosity_at_100s,68.016,4.994,mPa.s,96.95,SHEAR-THIN,LOW
3a195870782e6fd87bdd7499cbb4fe201d025b2cda05f9eee9fb9477f34b58bd,NATURE_812_SHAMPOO_2024,245,PUBLIC_BENCHMARK,1.0,0.0,0.0,0.0,9.3,0.0,0.0,10.07,0.0,0.0,0.0,0.0,0.0,2.66,0.0,0.0,0.0,2.45,0.0,75.52,19.37,0.5199,2.66,2.45,viscosity_at_100s,84.668,6.424,mPa.s,96.934,SHEAR-THIN,LOW
3a195870782e6fd87bdd7499cbb4fe201d025b2cda05f9eee9fb9477f34b58bd,NATURE_812_SHAMPOO_2024,246,PUBLIC_BENCHMARK,1.0,0.0,0.0,0.0,0.0,7.28,0.0,0.0,0.0,0.0,0.0,0.0,12.58,1.2,0.0,0.0,0.0,1.96,0.0,76.98,19.86,0.6334,1.2,1.96,viscosity_at_100s,7.339,0.954,mPa.s,96.957,NEWTONIAN,VERY-LOW
3a195870782e6fd87bdd7499cbb4fe201d025b2cda05f9eee9fb9477f34b58bd,NATURE_812_SHAMPOO_2024,247,PUBLIC_BENCHMARK,1.0,0.0,0.0,0.0,0.0,11.85,0.0,0.0,0.0,9.72,0.0,0.0,0.0,2.56,0.0,0.0,0.0,1.72,0.0,74.15,21.57,0.5494,2.56,1.72,viscosity_at_100s,20.069,0.299,mPa.s,96.958,NEWTONIAN,LOW
3a195870782e6fd87bdd7499cbb4fe201d025b2cda05f9eee9fb9477f34b58bd,NATURE_812_SHAMPOO_2024,248,PUBLIC_BENCHMARK,1.0,0.0,0.0,0.0,0.0,0.0,0.0,0.0,0.0,9.73,0.0,0.0,9.92,2.83,0.0,0.0,0.0,1.46,0.0,76.06,19.65,0.5048,2.83,1.46,viscosity_at_100s,2.568,0.463,mPa.s,96.968,NEWTONIAN,VERY-LOW
3a195870782e6fd87bdd7499cbb4fe201d025b2cda05f9eee9fb9477f34b58bd,NATURE_812_SHAMPOO_2024,253,PUBLIC_BENCHMARK,1.0,0.0,0.0,0.0,0.0,12.3,0.0,0.0,0.0,0.0,0.0,0.0,8.28,2.52,0.0,0.0,0.0,1.04,0.0,75.86,20.58,0.5977,2.52,1.04,viscosity_at_100s,4.789,0.101,mPa.s,96.965,NEWTONIAN,VERY-LOW
3a195870782e6fd87bdd7499cbb4fe201d025b2cda05f9eee9fb9477f34b58bd,NATURE_812_SHAMPOO_2024,254,PUBLIC_BENCHMARK,1.0,0.0,0.0,0.0,6.75,0.0,0.0,0.0,0.0,0.0,0.0,0.0,13.3,2.92,0.0,0.0,0.0,1.42,0.0,75.61,20.05,0.6633,2.92,1.42,viscosity_at_100s,9.001,0.359,mPa.s,96.951,NEWTONIAN,VERY-LOW
3a195870782e6fd87bdd7499cbb4fe201d025b2cda05f9eee9fb9477f34b58bd,NATURE_812_SHAMPOO_2024,256,PUBLIC_BENCHMARK,1.0,0.0,0.0,0.0,13.82,0.0,0.0,0.0,0.0,0.0,0.0,0.0,10.41,1.05,0.0,0.0,0.0,2.83,0.0,71.89,24.23,0.5704,1.05,2.83,viscosity_at_100s,319.888,2.069,mPa.s,96.952,SHEAR-THIN,MEDIUM
3a195870782e6fd87bdd7499cbb4fe201d025b2cda05f9eee9fb9477f34b58bd,NATURE_812_SHAMPOO_2024,259,PUBLIC_BENCHMARK,1.0,0.0,0.0,0.0,0.0,0.0,0.0,0.0,0.0,12.22,0.0,0.0,8.54,1.54,0.0,0.0,0.0,3.0,0.0,74.7,20.76,0.5886,1.54,3.0,viscosity_at_100s,60.732,0.388,mPa.s,96.948,SHEAR-THIN,LOW
3a195870782e6fd87bdd7499cbb4fe201d025b2cda05f9eee9fb9477f34b58bd,NATURE_812_SHAMPOO_2024,264,PUBLIC_BENCHMARK,1.0,0.0,0.0,0.0,0.0,10.85,0.0,0.0,0.0,0.0,0.0,0.0,12.86,2.64,0.0,0.0,0.0,3.3,0.0,70.35,23.71,0.5424,2.64,3.3,viscosity_at_100s,343.195,0.767,mPa.s,96.962,SHEAR-THIN,MEDIUM
3a195870782e6fd87bdd7499cbb4fe201d025b2cda05f9eee9fb9477f34b58bd,NATURE_812_SHAMPOO_2024,267,PUBLIC_BENCHMARK,1.0,0.0,0.0,0.0,0.0,0.0,0.0,0.0,0.0,8.55,0.0,0.0,11.25,0.99,0.0,0.0,0.0,2.43,0.0,76.78,19.8,0.5682,0.99,2.43,viscosity_at_100s,21.827,0.21,mPa.s,96.968,NEWTONIAN,LOW
3a195870782e6fd87bdd7499cbb4fe201d025b2cda05f9eee9fb9477f34b58bd,NATURE_812_SHAMPOO_2024,268,PUBLIC_BENCHMARK,1.0,0.0,0.0,0.0,8.51,0.0,0.0,0.0,0.0,11.53,0.0,0.0,0.0,2.25,0.0,0.0,0.0,1.39,0.0,76.32,20.04,0.5753,2.25,1.39,viscosity_at_100s,16.472,0.342,mPa.s,96.959,NEWTONIAN,LOW
3a195870782e6fd87bdd7499cbb4fe201d025b2cda05f9eee9fb9477f34b58bd,NATURE_812_SHAMPOO_2024,271,PUBLIC_BENCHMARK,1.0,0.0,0.0,0.0,0.0,0.0,11.71,0.0,0.0,0.0,0.0,0.0,12.84,1.01,0.0,0.0,0.0,1.35,0.0,73.09,24.55,0.523,1.01,1.35,viscosity_at_100s,625.61,4.803,mPa.s,96.959,SHEAR-THIN,HIGH
3a195870782e6fd87bdd7499cbb4fe201d025b2cda05f9eee9fb9477f34b58bd,NATURE_812_SHAMPOO_2024,272,PUBLIC_BENCHMARK,1.0,0.0,0.0,0.0,0.0,0.0,0.0,7.97,0.0,0.0,0.0,0.0,8.24,1.61,0.0,0.0,0.0,1.55,0.0,80.63,16.21,0.5083,1.61,1.55,viscosity_at_100s,141.292,1.512,mPa.s,96.945,SHEAR-THIN,MEDIUM
3a195870782e6fd87bdd7499cbb4fe201d025b2cda05f9eee9fb9477f34b58bd,NATURE_812_SHAMPOO_2024,273,PUBLIC_BENCHMARK,1.0,0.0,0.0,0.0,12.07,8.2,0.0,0.0,0.0,0.0,0.0,0.0,0.0,1.9,0.0,0.0,0.0,2.28,0.0,75.55,20.27,0.5955,1.9,2.28,viscosity_at_100s,59.285,0.5,mPa.s,96.948,NEWTONIAN,LOW
3a195870782e6fd87bdd7499cbb4fe201d025b2cda05f9eee9fb9477f34b58bd,NATURE_812_SHAMPOO_2024,275,PUBLIC_BENCHMARK,1.0,0.0,0.0,0.0,9.86,12.38,0.0,0.0,0.0,0.0,0.0,0.0,0.0,2.43,0.0,0.0,0.0,1.77,0.0,73.56,22.24,0.5567,2.43,1.77,viscosity_at_100s,14.502,0.176,mPa.s,96.951,NEWTONIAN,LOW
3a195870782e6fd87bdd7499cbb4fe201d025b2cda05f9eee9fb9477f34b58bd,NATURE_812_SHAMPOO_2024,277,PUBLIC_BENCHMARK,1.0,0.0,0.0,0.0,9.05,0.0,0.0,0.0,0.0,0.0,0.0,0.0,11.54,1.17,0.0,0.0,0.0,1.07,0.0,77.17,20.59,0.5605,1.17,1.07,viscosity_at_100s,4.664,0.038,mPa.s,96.988,NEWTONIAN,VERY-LOW
3a195870782e6fd87bdd7499cbb4fe201d025b2cda05f9eee9fb9477f34b58bd,NATURE_812_SHAMPOO_2024,278,PUBLIC_BENCHMARK,1.0,0.0,0.0,0.0,14.45,12.47,0.0,0.0,0.0,0.0,0.0,0.0,0.0,1.56,0.0,0.0,0.0,1.15,0.0,70.37,26.92,0.5368,1.56,1.15,viscosity_at_100s,6.201,0.026,mPa.s,96.964,NEWTONIAN,VERY-LOW
3a195870782e6fd87bdd7499cbb4fe201d025b2cda05f9eee9fb9477f34b58bd,NATURE_812_SHAMPOO_2024,279,PUBLIC_BENCHMARK,1.0,0.0,0.0,0.0,0.0,0.0,0.0,12.05,0.0,10.24,0.0,0.0,0.0,1.18,0.0,0.0,0.0,1.29,0.0,75.24,22.29,0.5406,1.18,1.29,viscosity_at_100s,3.346,0.154,mPa.s,96.953,NEWTONIAN,VERY-LOW
3a195870782e6fd87bdd7499cbb4fe201d025b2cda05f9eee9fb9477f34b58bd,NATURE_812_SHAMPOO_2024,280,PUBLIC_BENCHMARK,1.0,0.0,0.0,0.0,12.48,12.62,0.0,0.0,0.0,0.0,0.0,0.0,0.0,2.72,0.0,0.0,0.0,1.37,0.0,70.81,25.1,0.5028,2.72,1.37,viscosity_at_100s,7.46,0.263,mPa.s,96.963,NEWTONIAN,VERY-LOW
3a195870782e6fd87bdd7499cbb4fe201d025b2cda05f9eee9fb9477f34b58bd,NATURE_812_SHAMPOO_2024,281,PUBLIC_BENCHMARK,1.0,0.0,0.0,0.0,0.0,13.57,0.0,0.0,0.0,0.0,0.0,0.0,10.86,1.98,0.0,0.0,0.0,1.43,0.0,72.16,24.43,0.5555,1.98,1.43,viscosity_at_100s,6.811,0.051,mPa.s,96.949,NEWTONIAN,VERY-LOW
3a195870782e6fd87bdd7499cbb4fe201d025b2cda05f9eee9fb9477f34b58bd,NATURE_812_SHAMPOO_2024,282,PUBLIC_BENCHMARK,1.0,0.0,0.0,0.0,0.0,0.0,0.0,0.0,0.0,12.23,0.0,0.0,12.6,1.27,0.0,0.0,0.0,1.7,0.0,72.2,24.83,0.5075,1.27,1.7,viscosity_at_100s,2.804,0.06,mPa.s,96.975,NEWTONIAN,VERY-LOW
3a195870782e6fd87bdd7499cbb4fe201d025b2cda05f9eee9fb9477f34b58bd,NATURE_812_SHAMPOO_2024,283,PUBLIC_BENCHMARK,1.0,0.0,0.0,0.0,11.82,0.0,0.0,0.0,0.0,0.0,0.0,0.0,12.71,1.27,0.0,0.0,0.0,1.74,0.0,72.46,24.53,0.5181,1.27,1.74,viscosity_at_100s,33.49,1.076,mPa.s,96.933,NEWTONIAN,LOW
3a195870782e6fd87bdd7499cbb4fe201d025b2cda05f9eee9fb9477f34b58bd,NATURE_812_SHAMPOO_2024,284,PUBLIC_BENCHMARK,1.0,0.0,0.0,0.0,0.0,0.0,0.0,12.36,0.0,12.21,0.0,0.0,0.0,1.75,0.0,0.0,0.0,1.41,0.0,72.27,24.57,0.5031,1.75,1.41,viscosity_at_100s,3.668,0.158,mPa.s,96.948,NEWTONIAN,VERY-LOW
3a195870782e6fd87bdd7499cbb4fe201d025b2cda05f9eee9fb9477f34b58bd,NATURE_812_SHAMPOO_2024,285,PUBLIC_BENCHMARK,1.0,0.0,0.0,0.0,0.0,0.0,0.0,13.0,0.0,0.0,0.0,0.0,12.79,1.25,0.0,0.0,0.0,1.15,0.0,71.81,25.79,0.5041,1.25,1.15,viscosity_at_100s,5.595,0.349,mPa.s,96.958,NEWTONIAN,VERY-LOW
3a195870782e6fd87bdd7499cbb4fe201d025b2cda05f9eee9fb9477f34b58bd,NATURE_812_SHAMPOO_2024,286,PUBLIC_BENCHMARK,1.0,0.0,0.0,0.0,0.0,8.69,0.0,0.0,0.0,0.0,0.0,0.0,12.41,1.11,0.0,0.0,0.0,1.28,0.0,76.51,21.1,0.5882,1.11,1.28,viscosity_at_100s,3.399,0.134,mPa.s,96.98,NEWTONIAN,VERY-LOW
3a195870782e6fd87bdd7499cbb4fe201d025b2cda05f9eee9fb9477f34b58bd,NATURE_812_SHAMPOO_2024,287,PUBLIC_BENCHMARK,1.0,0.0,0.0,0.0,0.0,0.0,0.0,0.0,0.0,11.66,0.0,0.0,12.08,1.65,0.0,0.0,0.0,1.19,0.0,73.42,23.74,0.5088,1.65,1.19,viscosity_at_100s,1.916,0.029,mPa.s,96.985,NEWTONIAN,VERY-LOW
3a195870782e6fd87bdd7499cbb4fe201d025b2cda05f9eee9fb9477f34b58bd,NATURE_812_SHAMPOO_2024,288,PUBLIC_BENCHMARK,1.0,0.0,0.0,0.0,0.0,12.72,0.0,0.0,0.0,0.0,0.0,0.0,11.62,1.2,0.0,0.0,0.0,1.61,0.0,72.85,24.34,0.5226,1.2,1.61,viscosity_at_100s,7.922,0.342,mPa.s,96.962,NEWTONIAN,VERY-LOW
3a195870782e6fd87bdd7499cbb4fe201d025b2cda05f9eee9fb9477f34b58bd,NATURE_812_SHAMPOO_2024,289,PUBLIC_BENCHMARK,1.0,0.0,0.0,0.0,8.47,0.0,0.0,0.0,0.0,0.0,0.0,0.0,13.06,2.07,0.0,0.0,0.0,1.17,0.0,75.23,21.53,0.6066,2.07,1.17,viscosity_at_100s,5.882,0.063,mPa.s,96.978,NEWTONIAN,VERY-LOW
3a195870782e6fd87bdd7499cbb4fe201d025b2cda05f9eee9fb9477f34b58bd,NATURE_812_SHAMPOO_2024,290,PUBLIC_BENCHMARK,1.0,0.0,0.0,0.0,13.92,0.0,0.0,0.0,0.0,0.0,0.0,0.0,9.44,1.33,0.0,0.0,0.0,1.36,0.0,73.95,23.36,0.5959,1.33,1.36,viscosity_at_100s,29.107,0.172,mPa.s,96.949,NEWTONIAN,LOW
3a195870782e6fd87bdd7499cbb4fe201d025b2cda05f9eee9fb9477f34b58bd,NATURE_812_SHAMPOO_2024,291,PUBLIC_BENCHMARK,1.0,0.0,0.0,0.0,13.95,7.78,0.0,0.0,0.0,0.0,0.0,0.0,0.0,2.81,0.0,0.0,0.0,1.15,0.0,74.31,21.73,0.642,2.81,1.15,viscosity_at_100s,7.634,0.165,mPa.s,96.986,NEWTONIAN,VERY-LOW
3a195870782e6fd87bdd7499cbb4fe201d025b2cda05f9eee9fb9477f34b58bd,NATURE_812_SHAMPOO_2024,292,PUBLIC_BENCHMARK,1.0,0.0,0.0,0.0,0.0,12.27,0.0,0.0,0.0,0.0,0.0,0.0,10.43,1.55,0.0,0.0,0.0,1.17,0.0,74.58,22.7,0.5405,1.55,1.17,viscosity_at_100s,4.358,0.234,mPa.s,96.948,NEWTONIAN,VERY-LOW
3a195870782e6fd87bdd7499cbb4fe201d025b2cda05f9eee9fb9477f34b58bd,NATURE_812_SHAMPOO_2024,293,PUBLIC_BENCHMARK,1.0,0.0,0.0,0.0,12.01,0.0,0.0,0.0,0.0,0.0,0.0,0.0,12.95,1.72,0.0,0.0,0.0,1.59,0.0,71.73,24.96,0.5188,1.72,1.59,viscosity_at_100s,23.917,0.45,mPa.s,96.952,NEWTONIAN,LOW
3a195870782e6fd87bdd7499cbb4fe201d025b2cda05f9eee9fb9477f34b58bd,NATURE_812_SHAMPOO_2024,294,PUBLIC_BENCHMARK,1.0,0.0,0.0,0.0,0.0,0.0,0.0,12.72,0.0,13.01,0.0,0.0,0.0,1.1,0.0,0.0,0.0,2.09,0.0,71.08,25.73,0.5056,1.1,2.09,viscosity_at_100s,9.271,0.034,mPa.s,96.958,NEWTONIAN,VERY-LOW
3a195870782e6fd87bdd7499cbb4fe201d025b2cda05f9eee9fb9477f34b58bd,NATURE_812_SHAMPOO_2024,295,PUBLIC_BENCHMARK,1.0,0.0,0.0,0.0,0.0,0.0,0.0,0.0,0.0,12.39,0.0,0.0,9.58,0.85,0.0,0.0,0.0,1.26,0.0,75.92,21.97,0.564,0.85,1.26,viscosity_at_100s,1.755,0.045,mPa.s,96.967,NEWTONIAN,VERY-LOW
3a195870782e6fd87bdd7499cbb4fe201d025b2cda05f9eee9fb9477f34b58bd,NATURE_812_SHAMPOO_2024,296,PUBLIC_BENCHMARK,1.0,0.0,0.0,0.0,0.0,8.39,0.0,0.0,0.0,0.0,0.0,0.0,12.93,1.97,0.0,0.0,0.0,1.18,0.0,75.53,21.32,0.6065,1.97,1.18,viscosity_at_100s,3.261,0.184,mPa.s,96.975,NEWTONIAN,VERY-LOW
3a195870782e6fd87bdd7499cbb4fe201d025b2cda05f9eee9fb9477f34b58bd,NATURE_812_SHAMPOO_2024,297,PUBLIC_BENCHMARK,1.0,0.0,0.0,0.0,12.16,13.08,0.0,0.0,0.0,0.0,0.0,0.0,0.0,2.12,0.0,0.0,0.0,1.41,0.0,71.23,25.24,0.5182,2.12,1.41,viscosity_at_100s,8.246,0.053,mPa.s,96.996,NEWTONIAN,VERY-LOW
3a195870782e6fd87bdd7499cbb4fe201d025b2cda05f9eee9fb9477f34b58bd,NATURE_812_SHAMPOO_2024,298,PUBLIC_BENCHMARK,1.0,0.0,0.0,0.0,10.17,12.71,0.0,0.0,0.0,0.0,0.0,0.0,0.0,2.53,0.0,0.0,0.0,1.14,0.0,73.45,22.88,0.5555,2.53,1.14,viscosity_at_100s,5.91,0.092,mPa.s,96.961,NEWTONIAN,VERY-LOW
3a195870782e6fd87bdd7499cbb4fe201d025b2cda05f9eee9fb9477f34b58bd,NATURE_812_SHAMPOO_2024,299,PUBLIC_BENCHMARK,1.0,0.0,0.0,0.0,14.12,0.0,0.0,0.0,0.0,0.0,0.0,0.0,11.25,2.54,0.0,0.0,0.0,1.2,0.0,70.89,25.37,0.5566,2.54,1.2,viscosity_at_100s,23.804,0.356,mPa.s,96.965,NEWTONIAN,LOW
3a195870782e6fd87bdd7499cbb4fe201d025b2cda05f9eee9fb9477f34b58bd,NATURE_812_SHAMPOO_2024,300,PUBLIC_BENCHMARK,1.0,0.0,0.0,0.0,12.04,0.0,0.0,0.0,0.0,0.0,0.0,0.0,11.58,1.21,0.0,0.0,0.0,1.66,0.0,73.51,23.62,0.5097,1.21,1.66,viscosity_at_100s,32.44,0.401,mPa.s,96.95,SHEAR-THIN,LOW
3a195870782e6fd87bdd7499cbb4fe201d025b2cda05f9eee9fb9477f34b58bd,NATURE_812_SHAMPOO_2024,301,PUBLIC_BENCHMARK,1.0,0.0,0.0,0.0,11.89,0.0,0.0,0.0,6.69,0.0,0.0,0.0,0.0,0.0,0.0,2.8,0.0,4.99,0.0,73.63,18.58,0.6399,2.8,4.99,viscosity_at_100s,16.707,0.482,mPa.s,96.963,SHEAR-THIN,MEDIUM
3a195870782e6fd87bdd7499cbb4fe201d025b2cda05f9eee9fb9477f34b58bd,NATURE_812_SHAMPOO_2024,302,PUBLIC_BENCHMARK,1.0,0.0,0.0,10.46,0.0,0.0,0.0,12.66,0.0,0.0,0.0,0.0,0.0,0.0,0.0,1.52,0.0,2.99,0.0,72.37,23.12,0.5476,1.52,2.99,viscosity_at_100s,4.313,0.087,mPa.s,96.956,NEWTONIAN,VERY-LOW
3a195870782e6fd87bdd7499cbb4fe201d025b2cda05f9eee9fb9477f34b58bd,NATURE_812_SHAMPOO_2024,304,PUBLIC_BENCHMARK,1.0,5.44,8.7,0.0,0.0,0.0,0.0,0.0,0.0,0.0,0.0,0.0,0.0,0.0,0.0,2.4,0.0,4.81,0.0,78.65,14.14,0.6153,2.4,4.81,viscosity_at_100s,7.972,0.564,mPa.s,96.96,NEWTONIAN,VERY-LOW
3a195870782e6fd87bdd7499cbb4fe201d025b2cda05f9eee9fb9477f34b58bd,NATURE_812_SHAMPOO_2024,305,PUBLIC_BENCHMARK,1.0,0.0,9.19,0.0,0.0,11.05,0.0,0.0,0.0,0.0,0.0,0.0,0.0,0.0,0.0,2.53,0.0,3.54,0.0,73.69,20.24,0.5459,2.53,3.54,viscosity_at_100s,5.046,0.101,mPa.s,96.957,NEWTONIAN,VERY-LOW
3a195870782e6fd87bdd7499cbb4fe201d025b2cda05f9eee9fb9477f34b58bd,NATURE_812_SHAMPOO_2024,307,PUBLIC_BENCHMARK,1.0,0.0,0.0,0.0,0.0,0.0,8.9,0.0,0.0,0.0,10.75,0.0,0.0,0.0,0.0,1.82,0.0,1.72,0.0,76.81,19.65,0.5471,1.82,1.72,viscosity_at_100s,2.294,0.072,mPa.s,96.959,NEWTONIAN,VERY-LOW
3a195870782e6fd87bdd7499cbb4fe201d025b2cda05f9eee9fb9477f34b58bd,NATURE_812_SHAMPOO_2024,309,PUBLIC_BENCHMARK,1.0,0.0,0.0,10.68,0.0,0.0,0.0,0.0,0.0,0.0,11.58,0.0,0.0,0.0,0.0,1.91,0.0,1.74,0.0,74.09,22.26,0.5202,1.91,1.74,viscosity_at_100s,3.278,0.097,mPa.s,96.947,NEWTONIAN,VERY-LOW
3a195870782e6fd87bdd7499cbb4fe201d025b2cda05f9eee9fb9477f34b58bd,NATURE_812_SHAMPOO_2024,310,PUBLIC_BENCHMARK,1.0,0.0,9.06,0.0,0.0,0.0,0.0,0.0,0.0,10.99,0.0,0.0,0.0,0.0,0.0,2.77,0.0,4.65,0.0,72.53,20.05,0.5481,2.77,4.65,viscosity_at_100s,407.957,4.02,mPa.s,96.951,SHEAR-THIN,MEDIUM
3a195870782e6fd87bdd7499cbb4fe201d025b2cda05f9eee9fb9477f34b58bd,NATURE_812_SHAMPOO_2024,313,PUBLIC_BENCHMARK,1.0,0.0,0.0,0.0,0.0,12.18,0.0,0.0,0.0,8.62,0.0,0.0,0.0,0.0,0.0,2.4,0.0,1.05,0.0,75.75,20.8,0.5856,2.4,1.05,viscosity_at_100s,6.469,0.153,mPa.s,96.967,NEWTONIAN,VERY-LOW
3a195870782e6fd87bdd7499cbb4fe201d025b2cda05f9eee9fb9477f34b58bd,NATURE_812_SHAMPOO_2024,315,PUBLIC_BENCHMARK,1.0,0.0,11.49,0.0,0.0,0.0,0.0,0.0,0.0,0.0,0.0,8.7,0.0,0.0,0.0,1.05,0.0,3.36,0.0,75.4,20.19,0.5691,1.05,3.36,viscosity_at_100s,2.54,0.0967,mPa.s,96.977,NEWTONIAN,VERY-LOW
3a195870782e6fd87bdd7499cbb4fe201d025b2cda05f9eee9fb9477f34b58bd,NATURE_812_SHAMPOO_2024,316,PUBLIC_BENCHMARK,1.0,0.0,9.39,0.0,0.0,0.0,9.08,0.0,0.0,0.0,0.0,0.0,0.0,0.0,0.0,3.03,0.0,3.03,0.0,75.47,18.47,0.5084,3.03,3.03,viscosity_at_100s,7.34,0.304,mPa.s,97.005,NEWTONIAN,VERY-LOW
3a195870782e6fd87bdd7499cbb4fe201d025b2cda05f9eee9fb9477f34b58bd,NATURE_812_SHAMPOO_2024,317,PUBLIC_BENCHMARK,1.0,5.15,0.0,0.0,0.0,0.0,0.0,0.0,12.09,0.0,0.0,0.0,0.0,0.0,0.0,2.43,0.0,1.31,0.0,79.02,17.24,0.7013,2.43,1.31,viscosity_at_100s,134.302,1.323,mPa.s,96.96,SHEAR-THIN,MEDIUM
3a195870782e6fd87bdd7499cbb4fe201d025b2cda05f9eee9fb9477f34b58bd,NATURE_812_SHAMPOO_2024,318,PUBLIC_BENCHMARK,1.0,0.0,0.0,0.0,0.0,0.0,0.0,0.0,8.15,0.0,0.0,0.0,11.34,0.0,0.0,3.4,0.0,4.36,0.0,72.75,19.49,0.5818,3.4,4.36,viscosity_at_100s,14.489,0.447,mPa.s,96.96,SHEAR-THIN,MEDIUM
3a195870782e6fd87bdd7499cbb4fe201d025b2cda05f9eee9fb9477f34b58bd,NATURE_812_SHAMPOO_2024,321,PUBLIC_BENCHMARK,1.0,4.94,0.0,0.0,0.0,0.0,9.24,0.0,0.0,0.0,0.0,0.0,0.0,0.0,0.0,2.51,0.0,1.34,0.0,81.97,14.18,0.6516,2.51,1.34,viscosity_at_100s,89.718,0.586,mPa.s,96.948,SHEAR-THIN,MEDIUM
3a195870782e6fd87bdd7499cbb4fe201d025b2cda05f9eee9fb9477f34b58bd,NATURE_812_SHAMPOO_2024,322,PUBLIC_BENCHMARK,1.0,0.0,0.0,13.58,10.0,0.0,0.0,0.0,0.0,0.0,0.0,0.0,0.0,0.0,0.0,3.05,0.0,3.48,0.0,69.89,23.58,0.5759,3.05,3.48,viscosity_at_100s,6.137,0.152,mPa.s,96.966,NEWTONIAN,VERY-LOW
3a195870782e6fd87bdd7499cbb4fe201d025b2cda05f9eee9fb9477f34b58bd,NATURE_812_SHAMPOO_2024,327,PUBLIC_BENCHMARK,1.0,0.0,0.0,0.0,0.0,0.0,0.0,0.0,0.0,0.0,10.92,9.53,0.0,0.0,0.0,1.75,0.0,4.02,0.0,73.78,20.45,0.534,1.75,4.02,viscosity_at_100s,3.735,0.229,mPa.s,96.963,NEWTONIAN,VERY-LOW
3a195870782e6fd87bdd7499cbb4fe201d025b2cda05f9eee9fb9477f34b58bd,NATURE_812_SHAMPOO_2024,328,PUBLIC_BENCHMARK,1.0,5.72,0.0,0.0,0.0,0.0,0.0,0.0,0.0,0.0,10.46,0.0,0.0,0.0,0.0,1.68,0.0,1.59,0.0,80.55,16.18,0.6465,1.68,1.59,viscosity_at_100s,2.081,0.227,mPa.s,96.962,NEWTONIAN,VERY-LOW
3a195870782e6fd87bdd7499cbb4fe201d025b2cda05f9eee9fb9477f34b58bd,NATURE_812_SHAMPOO_2024,329,PUBLIC_BENCHMARK,1.0,0.0,0.0,6.78,0.0,8.27,0.0,0.0,0.0,0.0,0.0,0.0,0.0,0.0,0.0,1.33,0.0,2.73,0.0,80.89,15.05,0.5495,1.33,2.73,viscosity_at_100s,3.803,0.007,mPa.s,96.959,NEWTONIAN,VERY-LOW
3a195870782e6fd87bdd7499cbb4fe201d025b2cda05f9eee9fb9477f34b58bd,NATURE_812_SHAMPOO_2024,330,PUBLIC_BENCHMARK,1.0,0.0,0.0,11.94,0.0,0.0,0.0,0.0,11.46,0.0,0.0,0.0,0.0,0.0,0.0,1.64,0.0,3.8,0.0,71.16,23.4,0.5103,1.64,3.8,viscosity_at_100s,7.716,0.044,mPa.s,96.955,NEWTONIAN,VERY-LOW
3a195870782e6fd87bdd7499cbb4fe201d025b2cda05f9eee9fb9477f34b58bd,NATURE_812_SHAMPOO_2024,331,PUBLIC_BENCHMARK,1.0,0.0,0.0,0.0,0.0,0.0,0.0,11.32,0.0,0.0,12.15,0.0,0.0,0.0,0.0,1.76,0.0,1.63,0.0,73.14,23.47,0.5177,1.76,1.63,viscosity_at_100s,2.439,0.123,mPa.s,96.955,NEWTONIAN,VERY-LOW
3a195870782e6fd87bdd7499cbb4fe201d025b2cda05f9eee9fb9477f34b58bd,NATURE_812_SHAMPOO_2024,332,PUBLIC_BENCHMARK,1.0,0.0,12.1,0.0,0.0,0.0,0.0,0.0,0.0,0.0,9.18,0.0,0.0,0.0,0.0,2.08,0.0,1.51,0.0,75.13,21.28,0.5686,2.08,1.51,viscosity_at_100s,2.094,0.095,mPa.s,96.952,NEWTONIAN,VERY-LOW
3a195870782e6fd87bdd7499cbb4fe201d025b2cda05f9eee9fb9477f34b58bd,NATURE_812_SHAMPOO_2024,333,PUBLIC_BENCHMARK,1.0,0.0,0.0,0.0,0.0,11.65,0.0,0.0,0.0,0.0,8.93,0.0,0.0,0.0,0.0,1.51,0.0,4.84,0.0,73.07,20.58,0.5661,1.51,4.84,viscosity_at_100s,18.426,0.462,mPa.s,96.944,NEWTONIAN,LOW
3a195870782e6fd87bdd7499cbb4fe201d025b2cda05f9eee9fb9477f34b58bd,NATURE_812_SHAMPOO_2024,335,PUBLIC_BENCHMARK,1.0,4.68,0.0,0.0,0.0,13.21,0.0,0.0,0.0,0.0,0.0,0.0,0.0,0.0,0.0,1.38,0.0,2.92,0.0,77.81,17.89,0.7384,1.38,2.92,viscosity_at_100s,128.139,2.847,mPa.s,96.948,SHEAR-THIN,MEDIUM
3a195870782e6fd87bdd7499cbb4fe201d025b2cda05f9eee9fb9477f34b58bd,NATURE_812_SHAMPOO_2024,336,PUBLIC_BENCHMARK,1.0,6.98,0.0,0.0,0.0,0.0,0.0,0.0,0.0,0.0,0.0,9.63,0.0,0.0,0.0,1.04,0.0,3.79,0.0,78.56,16.61,0.5798,1.04,3.79,viscosity_at_100s,7.06,0.6449,mPa.s,96.951,SHEAR-THIN,LOW
3a195870782e6fd87bdd7499cbb4fe201d025b2cda05f9eee9fb9477f34b58bd,NATURE_812_SHAMPOO_2024,337,PUBLIC_BENCHMARK,1.0,0.0,0.0,0.0,0.0,8.38,0.0,0.0,0.0,0.0,0.0,0.0,8.28,0.0,0.0,2.98,0.0,2.21,0.0,78.15,16.66,0.503,2.98,2.21,viscosity_at_100s,119.019,1.831,mPa.s,96.956,SHEAR-THIN,MEDIUM
3a195870782e6fd87bdd7499cbb4fe201d025b2cda05f9eee9fb9477f34b58bd,NATURE_812_SHAMPOO_2024,338,PUBLIC_BENCHMARK,1.0,0.0,0.0,0.0,0.0,0.0,0.0,0.0,0.0,0.0,10.39,0.0,12.4,0.0,0.0,2.71,0.0,2.48,0.0,72.02,22.79,0.5441,2.71,2.48,viscosity_at_100s,34.215,0.47,mPa.s,96.958,SHEAR-THIN,MEDIUM
3a195870782e6fd87bdd7499cbb4fe201d025b2cda05f9eee9fb9477f34b58bd,NATURE_812_SHAMPOO_2024,339,PUBLIC_BENCHMARK,1.0,0.0,0.0,0.0,0.0,0.0,7.86,0.0,6.96,0.0,0.0,0.0,0.0,0.0,0.0,2.16,0.0,2.14,0.0,80.88,14.82,0.5304,2.16,2.14,viscosity_at_100s,13.286,0.273,mPa.s,96.962,SHEAR-THIN,MEDIUM
3a195870782e6fd87bdd7499cbb4fe201d025b2cda05f9eee9fb9477f34b58bd,NATURE_812_SHAMPOO_2024,340,PUBLIC_BENCHMARK,1.0,0.0,0.0,0.0,0.0,0.0,0.0,0.0,0.0,11.16,12.66,0.0,0.0,0.0,0.0,3.16,0.0,2.51,0.0,70.51,23.82,0.5315,3.16,2.51,viscosity_at_100s,4.561,0.165,mPa.s,96.956,NEWTONIAN,VERY-LOW
3a195870782e6fd87bdd7499cbb4fe201d025b2cda05f9eee9fb9477f34b58bd,NATURE_812_SHAMPOO_2024,341,PUBLIC_BENCHMARK,1.0,0.0,12.0,0.0,0.0,0.0,0.0,0.0,9.85,0.0,0.0,0.0,0.0,0.0,0.0,3.36,0.0,4.76,0.0,70.03,21.85,0.5492,3.36,4.76,viscosity_at_100s,16.136,0.447,mPa.s,96.958,NEWTONIAN,LOW
3a195870782e6fd87bdd7499cbb4fe201d025b2cda05f9eee9fb9477f34b58bd,NATURE_812_SHAMPOO_2024,343,PUBLIC_BENCHMARK,1.0,0.0,10.3,12.03,0.0,0.0,0.0,0.0,0.0,0.0,0.0,0.0,0.0,0.0,0.0,2.47,0.0,4.76,0.0,70.44,22.33,0.5387,2.47,4.76,viscosity_at_100s,5.667,0.187,mPa.s,96.964,NEWTONIAN,VERY-LOW
3a195870782e6fd87bdd7499cbb4fe201d025b2cda05f9eee9fb9477f34b58bd,NATURE_812_SHAMPOO_2024,349,PUBLIC_BENCHMARK,1.0,0.0,0.0,0.0,0.0,0.0,0.0,0.0,10.42,8.88,0.0,0.0,0.0,0.0,0.0,0.99,0.0,1.96,0.0,77.75,19.3,0.5399,0.99,1.96,viscosity_at_100s,103.52,0.7891,mPa.s,96.951,SHEAR-THIN,MEDIUM
3a195870782e6fd87bdd7499cbb4fe201d025b2cda05f9eee9fb9477f34b58bd,NATURE_812_SHAMPOO_2024,351,PUBLIC_BENCHMARK,1.0,0.0,0.0,0.0,0.0,0.0,0.0,0.0,0.0,10.56,0.0,9.98,0.0,0.0,0.0,1.77,0.0,1.37,0.0,76.32,20.54,0.5141,1.77,1.37,viscosity_at_100s,243.559,3.127,mPa.s,96.948,SHEAR-THIN,MEDIUM
3a195870782e6fd87bdd7499cbb4fe201d025b2cda05f9eee9fb9477f34b58bd,NATURE_812_SHAMPOO_2024,352,PUBLIC_BENCHMARK,1.0,0.0,0.0,9.68,0.0,0.0,10.32,0.0,0.0,0.0,0.0,0.0,0.0,0.0,0.0,1.66,0.0,3.09,0.0,75.25,20.0,0.516,1.66,3.09,viscosity_at_100s,6.791,0.056,mPa.s,96.953,NEWTONIAN,VERY-LOW
3a195870782e6fd87bdd7499cbb4fe201d025b2cda05f9eee9fb9477f34b58bd,NATURE_812_SHAMPOO_2024,354,PUBLIC_BENCHMARK,1.0,4.64,0.0,0.0,8.41,0.0,0.0,0.0,0.0,0.0,0.0,0.0,0.0,0.0,0.0,2.84,0.0,3.42,0.0,80.69,13.05,0.6444,2.84,3.42,viscosity_at_100s,118.457,1.229,mPa.s,96.959,SHEAR-THIN,MEDIUM
3a195870782e6fd87bdd7499cbb4fe201d025b2cda05f9eee9fb9477f34b58bd,NATURE_812_SHAMPOO_2024,355,PUBLIC_BENCHMARK,1.0,0.0,0.0,0.0,6.88,0.0,0.0,0.0,0.0,8.46,0.0,0.0,0.0,0.0,0.0,1.5,0.0,3.98,0.0,79.18,15.34,0.5515,1.5,3.98,viscosity_at_100s,21.259,0.44,mPa.s,96.946,SHEAR-THIN,MEDIUM
3a195870782e6fd87bdd7499cbb4fe201d025b2cda05f9eee9fb9477f34b58bd,NATURE_812_SHAMPOO_2024,356,PUBLIC_BENCHMARK,1.0,0.0,0.0,0.0,0.0,8.79,0.0,0.0,0.0,0.0,0.0,7.96,0.0,0.0,0.0,1.9,0.0,1.48,0.0,79.87,16.75,0.5248,1.9,1.48,viscosity_at_100s,8.507,0.254,mPa.s,96.963,NEWTONIAN,VERY-LOW
3a195870782e6fd87bdd7499cbb4fe201d025b2cda05f9eee9fb9477f34b58bd,NATURE_812_SHAMPOO_2024,357,PUBLIC_BENCHMARK,1.0,0.0,0.0,0.0,0.0,0.0,0.0,8.91,0.0,12.35,0.0,0.0,0.0,0.0,0.0,1.24,0.0,2.72,0.0,74.78,21.26,0.5809,1.24,2.72,viscosity_at_100s,72.58,2.0351,mPa.s,96.954,SHEAR-THIN,LOW
3a195870782e6fd87bdd7499cbb4fe201d025b2cda05f9eee9fb9477f34b58bd,NATURE_812_SHAMPOO_2024,358,PUBLIC_BENCHMARK,1.0,0.0,8.83,0.0,0.0,0.0,0.0,12.89,0.0,0.0,0.0,0.0,0.0,0.0,0.0,1.28,0.0,2.85,0.0,74.15,21.72,0.5935,1.28,2.85,viscosity_at_100s,8.389,0.296,mPa.s,96.955,NEWTONIAN,VERY-LOW
3a195870782e6fd87bdd7499cbb4fe201d025b2cda05f9eee9fb9477f34b58bd,NATURE_812_SHAMPOO_2024,360,PUBLIC_BENCHMARK,1.0,0.0,11.06,0.0,8.33,0.0,0.0,0.0,0.0,0.0,0.0,0.0,0.0,0.0,0.0,2.45,0.0,3.9,0.0,74.26,19.39,0.5704,2.45,3.9,viscosity_at_100s,5.171,0.067,mPa.s,96.946,NEWTONIAN,VERY-LOW
3a195870782e6fd87bdd7499cbb4fe201d025b2cda05f9eee9fb9477f34b58bd,NATURE_812_SHAMPOO_2024,361,PUBLIC_BENCHMARK,1.0,0.0,0.0,0.0,0.0,0.0,0.0,0.0,0.0,10.03,0.0,0.0,9.91,0.0,0.0,0.96,0.0,1.26,0.0,77.84,19.94,0.503,0.96,1.26,viscosity_at_100s,1.97,0.107,mPa.s,96.974,NEWTONIAN,VERY-LOW
3a195870782e6fd87bdd7499cbb4fe201d025b2cda05f9eee9fb9477f34b58bd,NATURE_812_SHAMPOO_2024,362,PUBLIC_BENCHMARK,1.0,0.0,0.0,0.0,0.0,0.0,12.93,0.0,11.41,0.0,0.0,0.0,0.0,0.0,0.0,2.99,0.0,1.34,0.0,71.33,24.34,0.5312,2.99,1.34,viscosity_at_100s,210.138,4.74,mPa.s,96.959,SHEAR-THIN,MEDIUM
3a195870782e6fd87bdd7499cbb4fe201d025b2cda05f9eee9fb9477f34b58bd,NATURE_812_SHAMPOO_2024,364,PUBLIC_BENCHMARK,1.0,0.0,0.0,0.0,7.87,0.0,0.0,0.0,0.0,12.26,0.0,0.0,0.0,0.0,0.0,2.91,0.0,1.15,0.0,75.81,20.13,0.609,2.91,1.15,viscosity_at_100s,8.861,0.116,mPa.s,96.949,NEWTONIAN,VERY-LOW
3a195870782e6fd87bdd7499cbb4fe201d025b2cda05f9eee9fb9477f34b58bd,NATURE_812_SHAMPOO_2024,368,PUBLIC_BENCHMARK,1.0,7.89,0.0,0.0,0.0,0.0,0.0,13.08,0.0,0.0,0.0,0.0,0.0,0.0,0.0,1.04,0.0,1.32,0.0,76.67,20.97,0.6237,1.04,1.32,viscosity_at_100s,7.846,0.666,mPa.s,96.965,NEWTONIAN,VERY-LOW
3a195870782e6fd87bdd7499cbb4fe201d025b2cda05f9eee9fb9477f34b58bd,NATURE_812_SHAMPOO_2024,372,PUBLIC_BENCHMARK,1.0,0.0,0.0,6.06,0.0,0.0,9.37,0.0,0.0,0.0,0.0,0.0,0.0,0.0,0.0,1.32,0.0,1.18,0.0,82.07,15.43,0.6073,1.32,1.18,viscosity_at_100s,2.103,0.214,mPa.s,96.965,NEWTONIAN,VERY-LOW
3a195870782e6fd87bdd7499cbb4fe201d025b2cda05f9eee9fb9477f34b58bd,NATURE_812_SHAMPOO_2024,375,PUBLIC_BENCHMARK,1.0,0.0,0.0,0.0,0.0,0.0,0.0,0.0,7.74,11.77,0.0,0.0,0.0,0.0,0.0,1.96,0.0,2.56,0.0,75.97,19.51,0.6033,1.96,2.56,viscosity_at_100s,91.991,0.246,mPa.s,96.95,SHEAR-THIN,MEDIUM
3a195870782e6fd87bdd7499cbb4fe201d025b2cda05f9eee9fb9477f34b58bd,NATURE_812_SHAMPOO_2024,377,PUBLIC_BENCHMARK,1.0,0.0,0.0,0.0,10.2,0.0,0.0,0.0,0.0,0.0,0.0,8.25,0.0,0.0,0.0,2.34,0.0,2.42,0.0,76.79,18.45,0.5528,2.34,2.42,viscosity_at_100s,247.532,24.521,mPa.s,96.95,SHEAR-THIN,MEDIUM
3a195870782e6fd87bdd7499cbb4fe201d025b2cda05f9eee9fb9477f34b58bd,NATURE_812_SHAMPOO_2024,379,PUBLIC_BENCHMARK,1.0,0.0,0.0,7.4,0.0,0.0,0.0,0.0,7.49,0.0,0.0,0.0,0.0,0.0,0.0,3.09,0.0,2.3,0.0,79.72,14.89,0.503,3.09,2.3,viscosity_at_100s,3.47,0.571,mPa.s,96.956,NEWTONIAN,VERY-LOW
3a195870782e6fd87bdd7499cbb4fe201d025b2cda05f9eee9fb9477f34b58bd,NATURE_812_SHAMPOO_2024,380,PUBLIC_BENCHMARK,1.0,0.0,0.0,0.0,0.0,12.64,0.0,0.0,0.0,10.33,0.0,0.0,0.0,0.0,0.0,1.78,0.0,4.2,0.0,71.05,22.97,0.5503,1.78,4.2,viscosity_at_100s,58.27,7.4396,mPa.s,96.961,NEWTONIAN,LOW
3a195870782e6fd87bdd7499cbb4fe201d025b2cda05f9eee9fb9477f34b58bd,NATURE_812_SHAMPOO_2024,382,PUBLIC_BENCHMARK,1.0,7.51,0.0,0.0,0.0,9.98,0.0,0.0,0.0,0.0,0.0,0.0,0.0,0.0,0.0,3.33,0.0,5.01,0.0,74.17,17.49,0.5706,3.33,5.01,viscosity_at_100s,146.183,14.988,mPa.s,96.952,SHEAR-THIN,MEDIUM
3a195870782e6fd87bdd7499cbb4fe201d025b2cda05f9eee9fb9477f34b58bd,NATURE_812_SHAMPOO_2024,390,PUBLIC_BENCHMARK,1.0,0.0,12.33,0.0,0.0,0.0,0.0,8.18,0.0,0.0,0.0,0.0,0.0,0.0,3.72,0.0,0.0,0.0,3.77,72.0,20.51,0.6012,3.72,3.77,viscosity_at_100s,82.765,4.952,mPa.s,96.962,SHEAR-THIN,LOW
3a195870782e6fd87bdd7499cbb4fe201d025b2cda05f9eee9fb9477f34b58bd,NATURE_812_SHAMPOO_2024,418,PUBLIC_BENCHMARK,1.0,0.0,0.0,8.38,0.0,0.0,0.0,0.0,0.0,11.76,0.0,0.0,0.0,0.0,1.44,0.0,0.0,0.0,4.09,74.33,20.14,0.5839,1.44,4.09,viscosity_at_100s,149.127,6.623,mPa.s,96.954,NEWTONIAN,MEDIUM
3a195870782e6fd87bdd7499cbb4fe201d025b2cda05f9eee9fb9477f34b58bd,NATURE_812_SHAMPOO_2024,419,PUBLIC_BENCHMARK,1.0,0.0,0.0,0.0,0.0,0.0,0.0,0.0,0.0,12.69,0.0,0.0,11.76,0.0,3.42,0.0,0.0,0.0,1.6,70.53,24.45,0.519,3.42,1.6,viscosity_at_100s,8.145,0.134,mPa.s,96.959,NEWTONIAN,VERY-LOW
3a195870782e6fd87bdd7499cbb4fe201d025b2cda05f9eee9fb9477f34b58bd,NATURE_812_SHAMPOO_2024,421,PUBLIC_BENCHMARK,1.0,0.0,0.0,12.39,0.0,0.0,0.0,12.63,0.0,0.0,0.0,0.0,0.0,0.0,2.5,0.0,0.0,0.0,3.11,69.37,25.02,0.5048,2.5,3.11,viscosity_at_100s,12.297,0.417,mPa.s,96.965,NEWTONIAN,LOW
3a195870782e6fd87bdd7499cbb4fe201d025b2cda05f9eee9fb9477f34b58bd,NATURE_812_SHAMPOO_2024,443,PUBLIC_BENCHMARK,1.0,0.0,10.39,0.0,0.0,0.0,10.47,0.0,0.0,0.0,0.0,0.0,0.0,0.0,3.05,0.0,0.0,0.0,2.0,74.09,20.86,0.5019,3.05,2.0,viscosity_at_100s,6.2,0.254,mPa.s,96.957,NEWTONIAN,VERY-LOW
3a195870782e6fd87bdd7499cbb4fe201d025b2cda05f9eee9fb9477f34b58bd,NATURE_812_SHAMPOO_2024,452,PUBLIC_BENCHMARK,1.0,0.0,0.0,11.06,0.0,0.0,13.3,0.0,0.0,0.0,0.0,0.0,0.0,0.0,1.66,0.0,0.0,0.0,1.92,72.06,24.36,0.546,1.66,1.92,viscosity_at_100s,6.38,0.3162,mPa.s,96.961,NEWTONIAN,VERY-LOW
3a195870782e6fd87bdd7499cbb4fe201d025b2cda05f9eee9fb9477f34b58bd,NATURE_812_SHAMPOO_2024,477,PUBLIC_BENCHMARK,1.0,0.0,0.0,0.0,9.75,0.0,0.0,0.0,0.0,0.0,0.0,0.0,10.91,0.0,1.76,0.0,0.0,4.47,0.0,73.11,20.66,0.5281,1.76,4.47,viscosity_at_100s,47.983,5.506,mPa.s,96.954,SHEAR-THIN,MEDIUM
3a195870782e6fd87bdd7499cbb4fe201d025b2cda05f9eee9fb9477f34b58bd,NATURE_812_SHAMPOO_2024,489,PUBLIC_BENCHMARK,1.0,0.0,0.0,0.0,0.0,0.0,0.0,0.0,0.0,8.32,0.0,0.0,10.77,0.0,3.07,0.0,0.0,2.16,0.0,75.68,19.09,0.5642,3.07,2.16,viscosity_at_100s,16.0,0.3178,mPa.s,96.955,NEWTONIAN,LOW
3a195870782e6fd87bdd7499cbb4fe201d025b2cda05f9eee9fb9477f34b58bd,NATURE_812_SHAMPOO_2024,495,PUBLIC_BENCHMARK,1.0,0.0,11.56,0.0,0.0,0.0,0.0,0.0,0.0,10.04,0.0,0.0,0.0,0.0,2.9,0.0,0.0,3.97,0.0,71.53,21.6,0.5352,2.9,3.97,viscosity_at_100s,16.172,0.179,mPa.s,96.954,NEWTONIAN,LOW
3a195870782e6fd87bdd7499cbb4fe201d025b2cda05f9eee9fb9477f34b58bd,NATURE_812_SHAMPOO_2024,496,PUBLIC_BENCHMARK,1.0,0.0,0.0,0.0,0.0,0.0,12.95,0.0,7.02,0.0,0.0,0.0,0.0,0.0,2.6,0.0,0.0,1.21,0.0,76.22,19.97,0.6485,2.6,1.21,viscosity_at_100s,225.84,1.576,mPa.s,96.951,SHEAR-THIN,MEDIUM
3a195870782e6fd87bdd7499cbb4fe201d025b2cda05f9eee9fb9477f34b58bd,NATURE_812_SHAMPOO_2024,498,PUBLIC_BENCHMARK,1.0,0.0,0.0,0.0,0.0,0.0,0.0,12.17,0.0,12.56,0.0,0.0,0.0,0.0,1.76,0.0,0.0,4.23,0.0,69.28,24.73,0.5079,1.76,4.23,viscosity_at_100s,380.686,4.23,mPa.s,96.954,SHEAR-THIN,MEDIUM
3a195870782e6fd87bdd7499cbb4fe201d025b2cda05f9eee9fb9477f34b58bd,NATURE_812_SHAMPOO_2024,509,PUBLIC_BENCHMARK,1.0,0.0,0.0,0.0,0.0,9.68,0.0,0.0,0.0,9.39,0.0,0.0,0.0,0.0,2.88,0.0,0.0,2.43,0.0,75.62,19.07,0.5076,2.88,2.43,viscosity_at_100s,73.121,0.285,mPa.s,96.955,SHEAR-THIN,LOW
3a195870782e6fd87bdd7499cbb4fe201d025b2cda05f9eee9fb9477f34b58bd,NATURE_812_SHAMPOO_2024,519,PUBLIC_BENCHMARK,1.0,0.0,0.0,0.0,0.0,0.0,7.81,11.32,0.0,0.0,0.0,0.0,0.0,0.0,2.82,0.0,0.0,2.26,0.0,75.79,19.13,0.5917,2.82,2.26,viscosity_at_100s,688.328,4.831,mPa.s,96.954,SHEAR-THIN,HIGH
3a195870782e6fd87bdd7499cbb4fe201d025b2cda05f9eee9fb9477f34b58bd,NATURE_812_SHAMPOO_2024,523,PUBLIC_BENCHMARK,1.0,7.63,0.0,0.0,0.0,0.0,0.0,0.0,0.0,0.0,12.49,0.0,0.0,0.0,0.0,0.0,2.33,1.62,0.0,75.93,20.12,0.6208,2.33,1.62,viscosity_at_100s,2.476,0.303,mPa.s,96.962,NEWTONIAN,VERY-LOW
3a195870782e6fd87bdd7499cbb4fe201d025b2cda05f9eee9fb9477f34b58bd,NATURE_812_SHAMPOO_2024,524,PUBLIC_BENCHMARK,1.0,0.0,0.0,0.0,0.0,10.55,0.0,12.59,0.0,0.0,0.0,0.0,0.0,0.0,0.0,0.0,2.48,2.62,0.0,71.76,23.14,0.5441,2.48,2.62,viscosity_at_100s,234.32,2.0209,mPa.s,96.95,SHEAR-THIN,MEDIUM
3a195870782e6fd87bdd7499cbb4fe201d025b2cda05f9eee9fb9477f34b58bd,NATURE_812_SHAMPOO_2024,525,PUBLIC_BENCHMARK,1.0,0.0,0.0,12.24,0.0,12.89,0.0,0.0,0.0,0.0,0.0,0.0,0.0,0.0,0.0,0.0,2.17,1.19,0.0,71.51,25.13,0.5129,2.17,1.19,viscosity_at_100s,3.37,0.0149,mPa.s,96.965,NEWTONIAN,VERY-LOW
3a195870782e6fd87bdd7499cbb4fe201d025b2cda05f9eee9fb9477f34b58bd,NATURE_812_SHAMPOO_2024,527,PUBLIC_BENCHMARK,1.0,0.0,0.0,9.52,0.0,0.0,0.0,0.0,7.08,0.0,0.0,0.0,0.0,0.0,0.0,0.0,2.34,2.98,0.0,78.08,16.6,0.5735,2.34,2.98,viscosity_at_100s,3.609,0.04,mPa.s,96.954,NEWTONIAN,VERY-LOW
3a195870782e6fd87bdd7499cbb4fe201d025b2cda05f9eee9fb9477f34b58bd,NATURE_812_SHAMPOO_2024,528,PUBLIC_BENCHMARK,1.0,0.0,8.26,12.84,0.0,0.0,0.0,0.0,0.0,0.0,0.0,0.0,0.0,0.0,0.0,0.0,2.01,2.42,0.0,74.47,21.1,0.6085,2.01,2.42,viscosity_at_100s,3.207,0.224,mPa.s,96.958,NEWTONIAN,VERY-LOW
3a195870782e6fd87bdd7499cbb4fe201d025b2cda05f9eee9fb9477f34b58bd,NATURE_812_SHAMPOO_2024,532,PUBLIC_BENCHMARK,1.0,0.0,0.0,0.0,0.0,10.52,0.0,0.0,0.0,0.0,11.99,0.0,0.0,0.0,0.0,0.0,1.53,3.93,0.0,72.03,22.51,0.5327,1.53,3.93,viscosity_at_100s,4.932,0.049,mPa.s,96.966,NEWTONIAN,VERY-LOW
3a195870782e6fd87bdd7499cbb4fe201d025b2cda05f9eee9fb9477f34b58bd,NATURE_812_SHAMPOO_2024,533,PUBLIC_BENCHMARK,1.0,0.0,0.0,0.0,0.0,0.0,0.0,0.0,0.0,0.0,9.03,8.86,0.0,0.0,0.0,0.0,2.67,1.51,0.0,77.93,17.89,0.5048,2.67,1.51,viscosity_at_100s,2.574,0.212,mPa.s,96.965,NEWTONIAN,VERY-LOW
3a195870782e6fd87bdd7499cbb4fe201d025b2cda05f9eee9fb9477f34b58bd,NATURE_812_SHAMPOO_2024,534,PUBLIC_BENCHMARK,1.0,0.0,0.0,0.0,0.0,0.0,0.0,10.09,0.0,0.0,10.6,0.0,0.0,0.0,0.0,0.0,2.75,1.41,0.0,75.15,20.69,0.5123,2.75,1.41,viscosity_at_100s,2.819,0.116,mPa.s,96.972,NEWTONIAN,VERY-LOW
3a195870782e6fd87bdd7499cbb4fe201d025b2cda05f9eee9fb9477f34b58bd,NATURE_812_SHAMPOO_2024,538,PUBLIC_BENCHMARK,1.0,0.0,0.0,0.0,0.0,0.0,0.0,0.0,14.27,0.0,0.0,7.86,0.0,0.0,0.0,0.0,1.31,4.79,0.0,71.77,22.13,0.6448,1.31,4.79,viscosity_at_100s,4.749,0.087,mPa.s,96.959,NEWTONIAN,VERY-LOW
3a195870782e6fd87bdd7499cbb4fe201d025b2cda05f9eee9fb9477f34b58bd,NATURE_812_SHAMPOO_2024,540,PUBLIC_BENCHMARK,1.0,0.0,0.0,8.2,0.0,0.0,0.0,0.0,0.0,0.0,7.95,0.0,0.0,0.0,0.0,0.0,1.61,1.32,0.0,80.92,16.15,0.5077,1.61,1.32,viscosity_at_100s,2.32,0.0798,mPa.s,96.963,NEWTONIAN,VERY-LOW
3a195870782e6fd87bdd7499cbb4fe201d025b2cda05f9eee9fb9477f34b58bd,NATURE_812_SHAMPOO_2024,542,PUBLIC_BENCHMARK,1.0,0.0,0.0,0.0,9.07,0.0,0.0,0.0,0.0,0.0,0.0,0.0,9.57,0.0,0.0,0.0,2.34,2.21,0.0,76.81,18.64,0.5134,2.34,2.21,viscosity_at_100s,388.256,2.674,mPa.s,96.936,SHEAR-THIN,MEDIUM
3a195870782e6fd87bdd7499cbb4fe201d025b2cda05f9eee9fb9477f34b58bd,NATURE_812_SHAMPOO_2024,544,PUBLIC_BENCHMARK,1.0,0.0,11.64,0.0,0.0,0.0,0.0,0.0,0.0,0.0,12.73,0.0,0.0,0.0,0.0,0.0,1.55,4.92,0.0,69.16,24.37,0.5224,1.55,4.92,viscosity_at_100s,2.977,0.035,mPa.s,96.967,NEWTONIAN,VERY-LOW
3a195870782e6fd87bdd7499cbb4fe201d025b2cda05f9eee9fb9477f34b58bd,NATURE_812_SHAMPOO_2024,548,PUBLIC_BENCHMARK,1.0,5.45,10.52,0.0,0.0,0.0,0.0,0.0,0.0,0.0,0.0,0.0,0.0,0.0,0.0,0.0,1.94,4.01,0.0,78.08,15.97,0.6587,1.94,4.01,viscosity_at_100s,4.16,0.0799,mPa.s,96.954,NEWTONIAN,VERY-LOW
3a195870782e6fd87bdd7499cbb4fe201d025b2cda05f9eee9fb9477f34b58bd,NATURE_812_SHAMPOO_2024,549,PUBLIC_BENCHMARK,1.0,11.03,0.0,0.0,0.0,0.0,0.0,0.0,0.0,0.0,0.0,0.0,10.12,0.0,0.0,0.0,1.72,4.39,0.0,72.74,21.15,0.5215,1.72,4.39,viscosity_at_100s,16.158,0.068,mPa.s,96.969,SHEAR-THIN,LOW
3a195870782e6fd87bdd7499cbb4fe201d025b2cda05f9eee9fb9477f34b58bd,NATURE_812_SHAMPOO_2024,551,PUBLIC_BENCHMARK,1.0,0.0,0.0,0.0,0.0,8.17,0.0,0.0,0.0,0.0,0.0,12.3,0.0,0.0,0.0,0.0,2.48,1.89,0.0,75.16,20.47,0.6009,2.48,1.89,viscosity_at_100s,44.453,1.111,mPa.s,96.953,SHEAR-THIN,LOW
3a195870782e6fd87bdd7499cbb4fe201d025b2cda05f9eee9fb9477f34b58bd,NATURE_812_SHAMPOO_2024,552,PUBLIC_BENCHMARK,1.0,0.0,0.0,0.0,0.0,0.0,0.0,0.0,0.0,12.64,0.0,0.0,11.15,0.0,0.0,0.0,3.11,3.08,0.0,70.02,23.79,0.5313,3.11,3.08,viscosity_at_100s,34.066,0.666,mPa.s,96.95,SHEAR-THIN,LOW
3a195870782e6fd87bdd7499cbb4fe201d025b2cda05f9eee9fb9477f34b58bd,NATURE_812_SHAMPOO_2024,555,PUBLIC_BENCHMARK,1.0,6.85,0.0,0.0,0.0,0.0,0.0,10.33,0.0,0.0,0.0,0.0,0.0,0.0,0.0,0.0,2.26,4.7,0.0,75.86,17.18,0.6013,2.26,4.7,viscosity_at_100s,119.968,0.581,mPa.s,96.966,SHEAR-THIN,MEDIUM
3a195870782e6fd87bdd7499cbb4fe201d025b2cda05f9eee9fb9477f34b58bd,NATURE_812_SHAMPOO_2024,557,PUBLIC_BENCHMARK,1.0,0.0,0.0,0.0,0.0,0.0,11.37,0.0,0.0,0.0,8.3,0.0,0.0,0.0,0.0,0.0,1.7,4.68,0.0,73.95,19.67,0.578,1.7,4.68,viscosity_at_100s,153.218,1.393,mPa.s,96.966,SHEAR-THIN,MEDIUM
3a195870782e6fd87bdd7499cbb4fe201d025b2cda05f9eee9fb9477f34b58bd,NATURE_812_SHAMPOO_2024,558,PUBLIC_BENCHMARK,1.0,0.0,0.0,0.0,0.0,0.0,0.0,0.0,12.79,0.0,11.54,0.0,0.0,0.0,0.0,0.0,2.34,2.54,0.0,70.79,24.33,0.5257,2.34,2.54,viscosity_at_100s,9.137,0.092,mPa.s,96.962,NEWTONIAN,VERY-LOW
3a195870782e6fd87bdd7499cbb4fe201d025b2cda05f9eee9fb9477f34b58bd,NATURE_812_SHAMPOO_2024,559,PUBLIC_BENCHMARK,1.0,0.0,0.0,0.0,0.0,8.11,0.0,0.0,10.65,0.0,0.0,0.0,0.0,0.0,0.0,0.0,0.66,1.16,0.0,79.42,18.76,0.5677,0.66,1.16,viscosity_at_100s,76.439,1.363,mPa.s,96.947,SHEAR-THIN,LOW
3a195870782e6fd87bdd7499cbb4fe201d025b2cda05f9eee9fb9477f34b58bd,NATURE_812_SHAMPOO_2024,561,PUBLIC_BENCHMARK,1.0,0.0,12.77,0.0,0.0,0.0,0.0,0.0,0.0,0.0,0.0,0.0,8.04,0.0,0.0,0.0,1.24,3.77,0.0,74.18,20.81,0.6136,1.24,3.77,viscosity_at_100s,222.06,1.108,mPa.s,96.947,SHEAR-THIN,MEDIUM
3a195870782e6fd87bdd7499cbb4fe201d025b2cda05f9eee9fb9477f34b58bd,NATURE_812_SHAMPOO_2024,562,PUBLIC_BENCHMARK,1.0,0.0,0.0,6.77,0.0,0.0,0.0,0.0,0.0,0.0,13.44,0.0,0.0,0.0,0.0,0.0,2.73,3.99,0.0,73.07,20.21,0.665,2.73,3.99,viscosity_at_100s,4.465,0.06,mPa.s,96.952,NEWTONIAN,VERY-LOW
3a195870782e6fd87bdd7499cbb4fe201d025b2cda05f9eee9fb9477f34b58bd,NATURE_812_SHAMPOO_2024,563,PUBLIC_BENCHMARK,1.0,0.0,0.0,11.97,9.93,0.0,0.0,0.0,0.0,0.0,0.0,0.0,0.0,0.0,0.0,0.0,1.6,1.94,0.0,74.56,21.9,0.5466,1.6,1.94,viscosity_at_100s,2.859,0.027,mPa.s,96.961,NEWTONIAN,VERY-LOW
3a195870782e6fd87bdd7499cbb4fe201d025b2cda05f9eee9fb9477f34b58bd,NATURE_812_SHAMPOO_2024,564,PUBLIC_BENCHMARK,1.0,0.0,12.05,0.0,0.0,0.0,8.63,0.0,0.0,0.0,0.0,0.0,0.0,0.0,0.0,0.0,2.65,1.13,0.0,75.54,20.68,0.5827,2.65,1.13,viscosity_at_100s,2.4,0.031,mPa.s,96.967,NEWTONIAN,VERY-LOW
3a195870782e6fd87bdd7499cbb4fe201d025b2cda05f9eee9fb9477f34b58bd,NATURE_812_SHAMPOO_2024,566,PUBLIC_BENCHMARK,1.0,5.97,0.0,0.0,0.0,0.0,9.91,0.0,0.0,0.0,0.0,0.0,0.0,0.0,0.0,0.0,1.81,5.27,0.0,77.04,15.88,0.6241,1.81,5.27,viscosity_at_100s,16.378,0.167,mPa.s,96.967,SHEAR-THIN,LOW
3a195870782e6fd87bdd7499cbb4fe201d025b2cda05f9eee9fb9477f34b58bd,NATURE_812_SHAMPOO_2024,567,PUBLIC_BENCHMARK,1.0,0.0,0.0,0.0,0.0,0.0,0.0,12.68,0.0,0.0,0.0,0.0,12.34,0.0,0.0,0.0,1.75,1.68,0.0,71.55,25.02,0.5068,1.75,1.68,viscosity_at_100s,48.199,1.068,mPa.s,96.959,SHEAR-THIN,LOW
3a195870782e6fd87bdd7499cbb4fe201d025b2cda05f9eee9fb9477f34b58bd,NATURE_812_SHAMPOO_2024,571,PUBLIC_BENCHMARK,1.0,9.83,0.0,0.0,0.0,0.0,0.0,0.0,6.76,0.0,0.0,0.0,0.0,0.0,0.0,0.0,1.38,2.85,0.0,79.18,16.59,0.5925,1.38,2.85,viscosity_at_100s,50.807,1.578,mPa.s,96.955,SHEAR-THIN,MEDIUM
3a195870782e6fd87bdd7499cbb4fe201d025b2cda05f9eee9fb9477f34b58bd,NATURE_812_SHAMPOO_2024,575,PUBLIC_BENCHMARK,1.0,0.0,0.0,0.0,10.8,0.0,0.0,0.0,0.0,0.0,7.91,0.0,0.0,0.0,0.0,0.0,2.85,3.04,0.0,75.4,18.71,0.5772,2.85,3.04,viscosity_at_100s,12.683,0.08,mPa.s,96.954,NEWTONIAN,LOW
3a195870782e6fd87bdd7499cbb4fe201d025b2cda05f9eee9fb9477f34b58bd,NATURE_812_SHAMPOO_2024,576,PUBLIC_BENCHMARK,1.0,0.0,0.0,0.0,0.0,7.8,0.0,0.0,0.0,0.0,0.0,0.0,8.36,0.0,0.0,0.0,1.78,2.13,0.0,79.93,16.16,0.5173,1.78,2.13,viscosity_at_100s,45.546,0.167,mPa.s,96.954,SHEAR-THIN,LOW
3a195870782e6fd87bdd7499cbb4fe201d025b2cda05f9eee9fb9477f34b58bd,NATURE_812_SHAMPOO_2024,577,PUBLIC_BENCHMARK,1.0,0.0,0.0,0.0,0.0,0.0,8.21,0.0,0.0,0.0,12.54,0.0,0.0,0.0,0.0,0.0,0.77,3.27,0.0,75.21,20.75,0.6043,0.77,3.27,viscosity_at_100s,4.603,0.024,mPa.s,96.948,NEWTONIAN,VERY-LOW
3a195870782e6fd87bdd7499cbb4fe201d025b2cda05f9eee9fb9477f34b58bd,NATURE_812_SHAMPOO_2024,578,PUBLIC_BENCHMARK,1.0,0.0,0.0,0.0,0.0,0.0,0.0,0.0,6.23,0.0,10.42,0.0,0.0,0.0,0.0,0.0,1.65,1.36,0.0,80.34,16.65,0.6258,1.65,1.36,viscosity_at_100s,2.126,0.027,mPa.s,96.964,NEWTONIAN,VERY-LOW
3a195870782e6fd87bdd7499cbb4fe201d025b2cda05f9eee9fb9477f34b58bd,NATURE_812_SHAMPOO_2024,580,PUBLIC_BENCHMARK,1.0,0.0,0.0,0.0,0.0,0.0,12.68,0.0,0.0,0.0,0.0,9.22,0.0,0.0,0.0,0.0,1.33,1.44,0.0,75.33,21.9,0.579,1.33,1.44,viscosity_at_100s,73.917,0.748,mPa.s,96.948,SHEAR-THIN,MEDIUM
3a195870782e6fd87bdd7499cbb4fe201d025b2cda05f9eee9fb9477f34b58bd,NATURE_812_SHAMPOO_2024,588,PUBLIC_BENCHMARK,1.0,0.0,0.0,0.0,0.0,12.0,0.0,0.0,0.0,0.0,0.0,0.0,10.8,0.0,1.85,0.0,0.0,1.69,0.0,73.66,22.8,0.5263,1.85,1.69,viscosity_at_100s,12.541,0.353,mPa.s,96.961,NEWTONIAN,LOW
3a195870782e6fd87bdd7499cbb4fe201d025b2cda05f9eee9fb9477f34b58bd,NATURE_812_SHAMPOO_2024,602,PUBLIC_BENCHMARK,1.0,0.0,0.0,10.12,0.0,0.0,0.0,0.0,0.0,0.0,0.0,0.0,10.21,0.0,1.46,0.0,0.0,4.86,0.0,73.35,20.33,0.5022,1.46,4.86,viscosity_at_100s,279.469,1.876,mPa.s,96.942,SHEAR-THIN,MEDIUM
3a195870782e6fd87bdd7499cbb4fe201d025b2cda05f9eee9fb9477f34b58bd,NATURE_812_SHAMPOO_2024,604,PUBLIC_BENCHMARK,1.0,0.0,0.0,0.0,7.08,13.5,0.0,0.0,0.0,0.0,0.0,0.0,0.0,0.0,4.0,0.0,0.0,2.87,0.0,72.55,20.58,0.656,4.0,2.87,viscosity_at_100s,64.517,1.054,mPa.s,96.953,NEWTONIAN,LOW
3a195870782e6fd87bdd7499cbb4fe201d025b2cda05f9eee9fb9477f34b58bd,NATURE_812_SHAMPOO_2024,618,PUBLIC_BENCHMARK,1.0,0.0,0.0,0.0,0.0,0.0,0.0,9.94,0.0,10.57,0.0,0.0,0.0,0.0,2.39,0.0,0.0,1.91,0.0,75.19,20.51,0.5154,2.39,1.91,viscosity_at_100s,15.115,0.454,mPa.s,96.956,NEWTONIAN,LOW
3a195870782e6fd87bdd7499cbb4fe201d025b2cda05f9eee9fb9477f34b58bd,NATURE_812_SHAMPOO_2024,625,PUBLIC_BENCHMARK,1.0,0.0,0.0,0.0,0.0,0.0,0.0,8.39,0.0,8.01,0.0,0.0,0.0,0.0,0.0,0.0,0.83,2.61,0.0,80.16,16.4,0.5116,0.83,2.61,viscosity_at_100s,247.73,7.599,mPa.s,100.0,SHEAR-THIN,MEDIUM
3a195870782e6fd87bdd7499cbb4fe201d025b2cda05f9eee9fb9477f34b58bd,NATURE_812_SHAMPOO_2024,626,PUBLIC_BENCHMARK,1.0,0.0,12.1,0.0,0.0,11.75,0.0,0.0,0.0,0.0,0.0,0.0,0.0,0.0,0.0,0.0,1.04,2.9,0.0,72.21,23.85,0.5073,1.04,2.9,viscosity_at_100s,3.27,0.025,mPa.s,100.0,NEWTONIAN,VERY-LOW
3a195870782e6fd87bdd7499cbb4fe201d025b2cda05f9eee9fb9477f34b58bd,NATURE_812_SHAMPOO_2024,630,PUBLIC_BENCHMARK,1.0,0.0,10.14,0.0,10.02,0.0,0.0,0.0,0.0,0.0,0.0,0.0,0.0,0.0,0.0,0.0,2.28,1.2,0.0,76.36,20.16,0.503,2.28,1.2,viscosity_at_100s,2.563,0.021,mPa.s,100.0,NEWTONIAN,VERY-LOW
3a195870782e6fd87bdd7499cbb4fe201d025b2cda05f9eee9fb9477f34b58bd,NATURE_812_SHAMPOO_2024,632,PUBLIC_BENCHMARK,1.0,0.0,8.42,0.0,0.0,0.0,0.0,0.0,0.0,0.0,0.0,12.15,0.0,0.0,0.0,0.0,2.6,3.42,0.0,73.41,20.57,0.5907,2.6,3.42,viscosity_at_100s,6.23,0.7,mPa.s,100.0,NEWTONIAN,VERY-LOW
3a195870782e6fd87bdd7499cbb4fe201d025b2cda05f9eee9fb9477f34b58bd,NATURE_812_SHAMPOO_2024,634,PUBLIC_BENCHMARK,1.0,7.99,0.0,11.07,0.0,0.0,0.0,0.0,0.0,0.0,0.0,0.0,0.0,0.0,0.0,0.0,2.97,3.06,0.0,74.91,19.06,0.5808,2.97,3.06,viscosity_at_100s,2.749,0.123,mPa.s,100.0,NEWTONIAN,VERY-LOW
3a195870782e6fd87bdd7499cbb4fe201d025b2cda05f9eee9fb9477f34b58bd,NATURE_812_SHAMPOO_2024,635,PUBLIC_BENCHMARK,1.0,0.0,0.0,0.0,0.0,0.0,8.91,8.04,0.0,0.0,0.0,0.0,0.0,0.0,0.0,0.0,2.99,1.72,0.0,78.34,16.95,0.5257,2.99,1.72,viscosity_at_100s,373.913,2.972,mPa.s,100.0,SHEAR-THIN,MEDIUM
3a195870782e6fd87bdd7499cbb4fe201d025b2cda05f9eee9fb9477f34b58bd,NATURE_812_SHAMPOO_2024,636,PUBLIC_BENCHMARK,1.0,13.56,0.0,0.0,0.0,0.0,0.0,0.0,13.21,0.0,0.0,0.0,0.0,0.0,0.0,0.0,2.81,3.74,0.0,66.68,26.77,0.5065,2.81,3.74,viscosity_at_100s,254.31,3.464,mPa.s,100.0,SHEAR-THIN,MEDIUM
3a195870782e6fd87bdd7499cbb4fe201d025b2cda05f9eee9fb9477f34b58bd,NATURE_812_SHAMPOO_2024,637,PUBLIC_BENCHMARK,1.0,0.0,0.0,0.0,0.0,10.69,0.0,0.0,0.0,0.0,0.0,9.54,0.0,0.0,0.0,0.0,0.72,3.21,0.0,75.84,20.23,0.5284,0.72,3.21,viscosity_at_100s,256.857,2.919,mPa.s,100.0,SHEAR-THIN,MEDIUM
3a195870782e6fd87bdd7499cbb4fe201d025b2cda05f9eee9fb9477f34b58bd,NATURE_812_SHAMPOO_2024,639,PUBLIC_BENCHMARK,1.0,0.0,0.0,0.0,0.0,0.0,0.0,13.21,11.24,0.0,0.0,0.0,0.0,0.0,0.0,0.0,1.66,2.39,0.0,71.5,24.45,0.5403,1.66,2.39,viscosity_at_100s,577.797,3.991,mPa.s,100.0,SHEAR-THIN,HIGH
3a195870782e6fd87bdd7499cbb4fe201d025b2cda05f9eee9fb9477f34b58bd,NATURE_812_SHAMPOO_2024,640,PUBLIC_BENCHMARK,1.0,0.0,0.0,0.0,0.0,0.0,0.0,0.0,12.08,10.83,0.0,0.0,0.0,0.0,0.0,0.0,1.03,1.66,0.0,74.4,22.91,0.5273,1.03,1.66,viscosity_at_100s,43.799,0.439,mPa.s,100.0,NEWTONIAN,LOW
3a195870782e6fd87bdd7499cbb4fe201d025b2cda05f9eee9fb9477f34b58bd,NATURE_812_SHAMPOO_2024,643,PUBLIC_BENCHMARK,1.0,0.0,0.0,8.19,0.0,0.0,0.0,0.0,0.0,0.0,0.0,0.0,8.52,0.0,0.0,0.0,0.95,1.06,0.0,81.28,16.71,0.5099,0.95,1.06,viscosity_at_100s,4.889,0.076,mPa.s,100.0,NEWTONIAN,VERY-LOW
3a195870782e6fd87bdd7499cbb4fe201d025b2cda05f9eee9fb9477f34b58bd,NATURE_812_SHAMPOO_2024,645,PUBLIC_BENCHMARK,1.0,8.99,0.0,0.0,0.0,0.0,0.0,0.0,0.0,0.0,11.46,0.0,0.0,0.0,0.0,0.0,1.45,5.24,0.0,72.86,20.45,0.5604,1.45,5.24,viscosity_at_100s,5.718,0.142,mPa.s,100.0,NEWTONIAN,VERY-LOW
3a195870782e6fd87bdd7499cbb4fe201d025b2cda05f9eee9fb9477f34b58bd,NATURE_812_SHAMPOO_2024,646,PUBLIC_BENCHMARK,1.0,0.0,11.89,0.0,0.0,0.0,0.0,0.0,0.0,8.9,0.0,0.0,0.0,0.0,0.0,0.0,2.13,2.95,0.0,74.13,20.79,0.5719,2.13,2.95,viscosity_at_100s,2.697,0.176,mPa.s,100.0,NEWTONIAN,VERY-LOW
3a195870782e6fd87bdd7499cbb4fe201d025b2cda05f9eee9fb9477f34b58bd,NATURE_812_SHAMPOO_2024,648,PUBLIC_BENCHMARK,1.0,0.0,0.0,0.0,0.0,0.0,0.0,10.93,0.0,11.57,0.0,0.0,0.0,0.0,0.0,0.0,2.88,1.19,0.0,73.43,22.5,0.5142,2.88,1.19,viscosity_at_100s,3.54,0.067,mPa.s,100.0,NEWTONIAN,VERY-LOW
3a195870782e6fd87bdd7499cbb4fe201d025b2cda05f9eee9fb9477f34b58bd,NATURE_812_SHAMPOO_2024,649,PUBLIC_BENCHMARK,1.0,0.0,7.95,0.0,0.0,0.0,0.0,0.0,0.0,0.0,10.17,0.0,0.0,0.0,0.0,0.0,0.89,1.85,0.0,79.14,18.12,0.5613,0.89,1.85,viscosity_at_100s,1.553,0.025,mPa.s,100.0,NEWTONIAN,VERY-LOW
3a195870782e6fd87bdd7499cbb4fe201d025b2cda05f9eee9fb9477f34b58bd,NATURE_812_SHAMPOO_2024,653,PUBLIC_BENCHMARK,1.0,0.0,13.68,8.79,0.0,0.0,0.0,0.0,0.0,0.0,0.0,0.0,0.0,0.0,0.0,0.0,1.35,4.95,0.0,71.23,22.47,0.6088,1.35,4.95,viscosity_at_100s,4.235,0.2,mPa.s,100.0,NEWTONIAN,VERY-LOW
3a195870782e6fd87bdd7499cbb4fe201d025b2cda05f9eee9fb9477f34b58bd,NATURE_812_SHAMPOO_2024,654,PUBLIC_BENCHMARK,1.0,0.0,0.0,9.36,0.0,10.08,0.0,0.0,0.0,0.0,0.0,0.0,0.0,0.0,0.0,0.0,1.94,2.77,0.0,75.85,19.44,0.5185,1.94,2.77,viscosity_at_100s,2.894,0.017,mPa.s,100.0,NEWTONIAN,VERY-LOW
3a195870782e6fd87bdd7499cbb4fe201d025b2cda05f9eee9fb9477f34b58bd,NATURE_812_SHAMPOO_2024,656,PUBLIC_BENCHMARK,1.0,0.0,0.0,11.17,0.0,0.0,13.18,0.0,0.0,0.0,0.0,0.0,0.0,0.0,0.0,0.0,2.06,3.36,0.0,70.23,24.35,0.5413,2.06,3.36,viscosity_at_100s,7.203,0.109,mPa.s,100.0,NEWTONIAN,VERY-LOW
3a195870782e6fd87bdd7499cbb4fe201d025b2cda05f9eee9fb9477f34b58bd,NATURE_812_SHAMPOO_2024,659,PUBLIC_BENCHMARK,1.0,7.27,0.0,0.0,0.0,9.64,0.0,0.0,0.0,0.0,0.0,0.0,0.0,0.0,0.0,0.0,1.9,1.24,0.0,79.95,16.91,0.5701,1.9,1.24,viscosity_at_100s,4.494,0.049,mPa.s,100.0,NEWTONIAN,VERY-LOW
3a195870782e6fd87bdd7499cbb4fe201d025b2cda05f9eee9fb9477f34b58bd,NATURE_812_SHAMPOO_2024,662,PUBLIC_BENCHMARK,1.0,0.0,0.0,0.0,0.0,0.0,0.0,10.9,0.0,0.0,12.59,0.0,0.0,0.0,0.0,0.0,1.5,2.27,0.0,72.74,23.49,0.536,1.5,2.27,viscosity_at_100s,5.129,0.106,mPa.s,100.0,NEWTONIAN,VERY-LOW
3a195870782e6fd87bdd7499cbb4fe201d025b2cda05f9eee9fb9477f34b58bd,NATURE_812_SHAMPOO_2024,672,PUBLIC_BENCHMARK,1.0,0.0,0.0,0.0,0.0,0.0,0.0,9.8,0.0,0.0,0.0,12.16,0.0,0.0,0.0,0.0,1.54,0.0,3.78,72.72,21.96,0.5537,1.54,3.78,viscosity_at_100s,2156.833,11.39,mPa.s,100.0,SHEAR-THIN,HIGH
3a195870782e6fd87bdd7499cbb4fe201d025b2cda05f9eee9fb9477f34b58bd,NATURE_812_SHAMPOO_2024,673,PUBLIC_BENCHMARK,1.0,0.0,9.62,0.0,0.0,0.0,0.0,8.24,0.0,0.0,0.0,0.0,0.0,0.0,0.0,0.0,1.08,0.0,1.76,79.3,17.86,0.5386,1.08,1.76,viscosity_at_100s,2.87,0.132,mPa.s,100.0,NEWTONIAN,VERY-LOW
3a195870782e6fd87bdd7499cbb4fe201d025b2cda05f9eee9fb9477f34b58bd,NATURE_812_SHAMPOO_2024,685,PUBLIC_BENCHMARK,1.0,0.0,8.38,0.0,0.0,0.0,0.0,0.0,0.0,0.0,0.0,10.9,0.0,0.0,0.0,0.0,1.09,0.0,2.64,76.99,19.28,0.5654,1.09,2.64,viscosity_at_100s,4.992,0.106,mPa.s,100.0,NEWTONIAN,VERY-LOW
3a195870782e6fd87bdd7499cbb4fe201d025b2cda05f9eee9fb9477f34b58bd,NATURE_812_SHAMPOO_2024,688,PUBLIC_BENCHMARK,1.0,0.0,0.0,6.25,0.0,0.0,11.31,0.0,0.0,0.0,0.0,0.0,0.0,0.0,0.0,0.0,2.32,0.0,2.33,77.79,17.56,0.6441,2.32,2.33,viscosity_at_100s,77.644,1.246,mPa.s,100.0,OTHER,LOW
3a195870782e6fd87bdd7499cbb4fe201d025b2cda05f9eee9fb9477f34b58bd,NATURE_812_SHAMPOO_2024,692,PUBLIC_BENCHMARK,1.0,0.0,0.0,12.17,8.23,0.0,0.0,0.0,0.0,0.0,0.0,0.0,0.0,0.0,0.0,0.0,2.62,0.0,2.04,74.94,20.4,0.5966,2.62,2.04,viscosity_at_100s,5.38,0.3059,mPa.s,96.971,NEWTONIAN,VERY-LOW
3a195870782e6fd87bdd7499cbb4fe201d025b2cda05f9eee9fb9477f34b58bd,NATURE_812_SHAMPOO_2024,693,PUBLIC_BENCHMARK,1.0,0.0,0.0,8.8,0.0,0.0,0.0,0.0,11.03,0.0,0.0,0.0,0.0,0.0,0.0,0.0,2.4,0.0,3.29,74.48,19.83,0.5562,2.4,3.29,viscosity_at_100s,324.472,6.216,mPa.s,96.953,NEWTONIAN,MEDIUM
3a195870782e6fd87bdd7499cbb4fe201d025b2cda05f9eee9fb9477f34b58bd,NATURE_812_SHAMPOO_2024,700,PUBLIC_BENCHMARK,1.0,10.51,10.7,0.0,0.0,0.0,0.0,0.0,0.0,0.0,0.0,0.0,0.0,0.0,0.0,0.0,2.54,0.0,4.62,71.63,21.21,0.5045,2.54,4.62,viscosity_at_100s,507.5,27.8957,mPa.s,96.958,SHEAR-THIN,MEDIUM
3a195870782e6fd87bdd7499cbb4fe201d025b2cda05f9eee9fb9477f34b58bd,NATURE_812_SHAMPOO_2024,701,PUBLIC_BENCHMARK,1.0,0.0,13.17,0.0,0.0,7.46,0.0,0.0,0.0,0.0,0.0,0.0,0.0,0.0,0.0,0.0,2.09,0.0,2.33,74.95,20.63,0.6384,2.09,2.33,viscosity_at_100s,4.79,0.045,mPa.s,96.964,NEWTONIAN,VERY-LOW
3a195870782e6fd87bdd7499cbb4fe201d025b2cda05f9eee9fb9477f34b58bd,NATURE_812_SHAMPOO_2024,702,PUBLIC_BENCHMARK,1.0,0.0,0.0,0.0,0.0,0.0,10.97,12.97,0.0,0.0,0.0,0.0,0.0,0.0,0.0,0.0,1.64,0.0,1.39,73.03,23.94,0.5418,1.64,1.39,viscosity_at_100s,8.355,0.027,mPa.s,96.96,NEWTONIAN,VERY-LOW
3a195870782e6fd87bdd7499cbb4fe201d025b2cda05f9eee9fb9477f34b58bd,NATURE_812_SHAMPOO_2024,703,PUBLIC_BENCHMARK,1.0,0.0,10.13,0.0,0.0,0.0,0.0,0.0,8.12,0.0,0.0,0.0,0.0,0.0,0.0,0.0,1.36,0.0,2.94,77.45,18.25,0.5551,1.36,2.94,viscosity_at_100s,26.226,0.76,mPa.s,96.959,NEWTONIAN,LOW
3a195870782e6fd87bdd7499cbb4fe201d025b2cda05f9eee9fb9477f34b58bd,NATURE_812_SHAMPOO_2024,707,PUBLIC_BENCHMARK,1.0,0.0,0.0,10.68,0.0,12.6,0.0,0.0,0.0,0.0,0.0,0.0,0.0,0.0,0.0,0.0,3.18,0.0,2.91,70.63,23.28,0.5412,3.18,2.91,viscosity_at_100s,24.351,0.328,mPa.s,96.957,NEWTONIAN,LOW
3a195870782e6fd87bdd7499cbb4fe201d025b2cda05f9eee9fb9477f34b58bd,NATURE_812_SHAMPOO_2024,712,PUBLIC_BENCHMARK,1.0,0.0,0.0,0.0,0.0,9.56,0.0,0.0,0.0,0.0,11.38,0.0,0.0,0.0,0.0,0.0,1.22,0.0,2.09,75.75,20.94,0.5435,1.22,2.09,viscosity_at_100s,4.518,0.027,mPa.s,96.967,NEWTONIAN,VERY-LOW
3a195870782e6fd87bdd7499cbb4fe201d025b2cda05f9eee9fb9477f34b58bd,NATURE_812_SHAMPOO_2024,713,PUBLIC_BENCHMARK,1.0,0.0,0.0,0.0,0.0,0.0,0.0,0.0,9.66,0.0,10.78,0.0,0.0,0.0,0.0,0.0,2.49,0.0,1.8,75.27,20.44,0.5274,2.49,1.8,viscosity_at_100s,6.645,0.102,mPa.s,96.957,NEWTONIAN,VERY-LOW
3a195870782e6fd87bdd7499cbb4fe201d025b2cda05f9eee9fb9477f34b58bd,NATURE_812_SHAMPOO_2024,715,PUBLIC_BENCHMARK,1.0,0.0,11.99,0.0,0.0,0.0,0.0,0.0,0.0,0.0,10.51,0.0,0.0,0.0,0.0,0.0,2.42,0.0,1.4,73.68,22.5,0.5329,2.42,1.4,viscosity_at_100s,2.982,0.329,mPa.s,96.958,NEWTONIAN,VERY-LOW
3a195870782e6fd87bdd7499cbb4fe201d025b2cda05f9eee9fb9477f34b58bd,NATURE_812_SHAMPOO_2024,716,PUBLIC_BENCHMARK,1.0,0.0,0.0,0.0,0.0,0.0,0.0,12.35,0.0,0.0,12.19,0.0,0.0,0.0,0.0,0.0,1.3,0.0,2.04,72.12,24.54,0.5033,1.3,2.04,viscosity_at_100s,4.824,0.031,mPa.s,96.957,NEWTONIAN,VERY-LOW
3a195870782e6fd87bdd7499cbb4fe201d025b2cda05f9eee9fb9477f34b58bd,NATURE_812_SHAMPOO_2024,719,PUBLIC_BENCHMARK,1.0,8.83,13.16,0.0,0.0,0.0,0.0,0.0,0.0,0.0,0.0,0.0,0.0,0.0,0.0,0.0,1.79,0.0,1.53,74.69,21.99,0.5985,1.79,1.53,viscosity_at_100s,3.367,0.058,mPa.s,96.958,NEWTONIAN,VERY-LOW
3a195870782e6fd87bdd7499cbb4fe201d025b2cda05f9eee9fb9477f34b58bd,NATURE_812_SHAMPOO_2024,720,PUBLIC_BENCHMARK,1.0,16.24,0.0,0.0,0.0,0.0,0.0,0.0,0.0,11.52,0.0,0.0,0.0,0.0,0.0,0.0,2.69,0.0,1.72,67.83,27.76,0.585,2.69,1.72,viscosity_at_100s,243.13,12.1072,mPa.s,96.961,SHEAR-THIN,MEDIUM
3a195870782e6fd87bdd7499cbb4fe201d025b2cda05f9eee9fb9477f34b58bd,NATURE_812_SHAMPOO_2024,721,PUBLIC_BENCHMARK,1.0,0.0,0.0,12.19,0.0,0.0,8.89,0.0,0.0,0.0,0.0,0.0,0.0,0.0,0.0,0.0,0.92,0.0,1.63,76.37,21.08,0.5783,0.92,1.63,viscosity_at_100s,4.615,0.054,mPa.s,96.959,NEWTONIAN,VERY-LOW
3a195870782e6fd87bdd7499cbb4fe201d025b2cda05f9eee9fb9477f34b58bd,NATURE_812_SHAMPOO_2024,722,PUBLIC_BENCHMARK,1.0,0.0,7.7,9.39,0.0,0.0,0.0,0.0,0.0,0.0,0.0,0.0,0.0,0.0,0.0,0.0,2.71,0.0,2.59,77.61,17.09,0.5494,2.71,2.59,viscosity_at_100s,11.341,0.066,mPa.s,96.957,NEWTONIAN,LOW
3a195870782e6fd87bdd7499cbb4fe201d025b2cda05f9eee9fb9477f34b58bd,NATURE_812_SHAMPOO_2024,725,PUBLIC_BENCHMARK,1.0,0.0,13.29,0.0,0.0,0.0,0.0,0.0,0.0,12.5,0.0,0.0,0.0,0.0,0.0,0.0,1.99,0.0,2.58,69.64,25.79,0.5153,1.99,2.58,viscosity_at_100s,8.98,0.188,mPa.s,96.96,NEWTONIAN,VERY-LOW
3a195870782e6fd87bdd7499cbb4fe201d025b2cda05f9eee9fb9477f34b58bd,NATURE_812_SHAMPOO_2024,727,PUBLIC_BENCHMARK,1.0,0.0,0.0,0.0,0.0,0.0,0.0,9.1,0.0,0.0,10.71,0.0,0.0,0.0,0.0,0.0,2.47,0.0,2.48,75.24,19.81,0.5406,2.47,2.48,viscosity_at_100s,10.723,0.164,mPa.s,96.968,NEWTONIAN,LOW
3a195870782e6fd87bdd7499cbb4fe201d025b2cda05f9eee9fb9477f34b58bd,NATURE_812_SHAMPOO_2024,728,PUBLIC_BENCHMARK,1.0,10.77,0.0,0.0,0.0,0.0,0.0,0.0,0.0,0.0,8.16,0.0,0.0,0.0,0.0,0.0,1.24,0.0,1.61,78.22,18.93,0.5689,1.24,1.61,viscosity_at_100s,2.306,0.482,mPa.s,96.968,NEWTONIAN,VERY-LOW
3a195870782e6fd87bdd7499cbb4fe201d025b2cda05f9eee9fb9477f34b58bd,NATURE_812_SHAMPOO_2024,730,PUBLIC_BENCHMARK,1.0,0.0,0.0,0.0,8.13,0.0,0.0,0.0,0.0,0.0,12.8,0.0,0.0,0.0,0.0,0.0,1.98,0.0,1.82,75.27,20.93,0.6116,1.98,1.82,viscosity_at_100s,4.148,0.227,mPa.s,96.968,NEWTONIAN,VERY-LOW
3a195870782e6fd87bdd7499cbb4fe201d025b2cda05f9eee9fb9477f34b58bd,NATURE_812_SHAMPOO_2024,731,PUBLIC_BENCHMARK,1.0,0.0,10.22,0.0,0.0,0.0,0.0,0.0,10.09,0.0,0.0,0.0,0.0,0.0,0.0,0.0,2.85,0.0,1.43,75.41,20.31,0.5032,2.85,1.43,viscosity_at_100s,3.26,0.174,mPa.s,96.968,NEWTONIAN,VERY-LOW
3a195870782e6fd87bdd7499cbb4fe201d025b2cda05f9eee9fb9477f34b58bd,NATURE_812_SHAMPOO_2024,732,PUBLIC_BENCHMARK,1.0,0.0,10.75,0.0,0.0,0.0,9.32,0.0,0.0,0.0,0.0,0.0,0.0,0.0,0.0,0.0,2.33,0.0,2.21,75.39,20.07,0.5356,2.33,2.21,viscosity_at_100s,5.244,0.554,mPa.s,96.968,NEWTONIAN,VERY-LOW
3a195870782e6fd87bdd7499cbb4fe201d025b2cda05f9eee9fb9477f34b58bd,NATURE_812_SHAMPOO_2024,733,PUBLIC_BENCHMARK,1.0,0.0,11.78,0.0,0.0,0.0,0.0,0.0,0.0,0.0,11.83,0.0,0.0,0.0,0.0,0.0,0.74,0.0,2.62,73.03,23.61,0.5011,0.74,2.62,viscosity_at_100s,2.718,0.282,mPa.s,96.968,NEWTONIAN,VERY-LOW
3a195870782e6fd87bdd7499cbb4fe201d025b2cda05f9eee9fb9477f34b58bd,NATURE_812_SHAMPOO_2024,734,PUBLIC_BENCHMARK,1.0,0.0,0.0,11.18,0.0,7.38,0.0,0.0,0.0,0.0,0.0,0.0,0.0,0.0,0.0,0.0,1.04,0.0,3.33,77.07,18.56,0.6024,1.04,3.33,viscosity_at_100s,14.999,0.138,mPa.s,96.968,NEWTONIAN,LOW
3a195870782e6fd87bdd7499cbb4fe201d025b2cda05f9eee9fb9477f34b58bd,NATURE_812_SHAMPOO_2024,736,PUBLIC_BENCHMARK,1.0,0.0,0.0,0.0,0.0,0.0,9.28,0.0,0.0,0.0,11.71,0.0,0.0,0.0,0.0,0.0,2.84,0.0,3.44,72.73,20.99,0.5579,2.84,3.44,viscosity_at_100s,420.578,23.835,mPa.s,96.968,SHEAR-THIN,MEDIUM
3a195870782e6fd87bdd7499cbb4fe201d025b2cda05f9eee9fb9477f34b58bd,NATURE_812_SHAMPOO_2024,737,PUBLIC_BENCHMARK,1.0,0.0,9.97,0.0,0.0,0.0,0.0,0.0,0.0,0.0,9.02,0.0,0.0,0.0,0.0,0.0,2.42,0.0,2.99,75.6,18.99,0.525,2.42,2.99,viscosity_at_100s,4.155,0.07,mPa.s,96.968,NEWTONIAN,VERY-LOW
3a195870782e6fd87bdd7499cbb4fe201d025b2cda05f9eee9fb9477f34b58bd,NATURE_812_SHAMPOO_2024,738,PUBLIC_BENCHMARK,1.0,0.0,0.0,0.0,0.0,0.0,0.0,12.83,9.04,0.0,0.0,0.0,0.0,0.0,0.0,0.0,1.93,0.0,1.89,74.31,21.87,0.5866,1.93,1.89,viscosity_at_100s,127.392,2.125,mPa.s,96.968,OTHER,MEDIUM
3a195870782e6fd87bdd7499cbb4fe201d025b2cda05f9eee9fb9477f34b58bd,NATURE_812_SHAMPOO_2024,739,PUBLIC_BENCHMARK,1.0,0.0,0.0,7.57,0.0,0.0,0.0,0.0,0.0,0.0,8.02,0.0,0.0,0.0,0.0,0.0,2.44,0.0,1.47,80.5,15.59,0.5144,2.44,1.47,viscosity_at_100s,4.473,0.072,mPa.s,96.968,NEWTONIAN,VERY-LOW
3a195870782e6fd87bdd7499cbb4fe201d025b2cda05f9eee9fb9477f34b58bd,NATURE_812_SHAMPOO_2024,740,PUBLIC_BENCHMARK,1.0,0.0,11.42,0.0,0.0,0.0,0.0,9.27,0.0,0.0,0.0,0.0,0.0,0.0,0.0,0.0,2.57,0.0,2.88,73.86,20.69,0.552,2.57,2.88,viscosity_at_100s,8.829,0.062,mPa.s,96.968,NEWTONIAN,VERY-LOW
3a195870782e6fd87bdd7499cbb4fe201d025b2cda05f9eee9fb9477f34b58bd,NATURE_812_SHAMPOO_2024,742,PUBLIC_BENCHMARK,1.0,8.95,0.0,0.0,0.0,0.0,0.0,0.0,0.0,0.0,12.77,0.0,0.0,0.0,0.0,0.0,2.59,0.0,2.82,72.87,21.72,0.5879,2.59,2.82,viscosity_at_100s,5.836,0.312,mPa.s,96.968,NEWTONIAN,VERY-LOW
3a195870782e6fd87bdd7499cbb4fe201d025b2cda05f9eee9fb9477f34b58bd,NATURE_812_SHAMPOO_2024,743,PUBLIC_BENCHMARK,1.0,0.0,0.0,8.94,0.0,8.89,0.0,0.0,0.0,0.0,0.0,0.0,0.0,0.0,0.0,0.0,1.46,0.0,1.91,78.8,17.83,0.5014,1.46,1.91,viscosity_at_100s,5.252,0.023,mPa.s,96.968,NEWTONIAN,VERY-LOW
3a195870782e6fd87bdd7499cbb4fe201d025b2cda05f9eee9fb9477f34b58bd,NATURE_812_SHAMPOO_2024,744,PUBLIC_BENCHMARK,1.0,0.0,0.0,0.0,0.0,0.0,0.0,0.0,0.0,12.71,11.71,0.0,0.0,0.0,0.0,0.0,2.21,0.0,2.27,71.1,24.42,0.5205,2.21,2.27,viscosity_at_100s,26.695,0.176,mPa.s,96.968,OTHER,LOW
3a195870782e6fd87bdd7499cbb4fe201d025b2cda05f9eee9fb9477f34b58bd,NATURE_812_SHAMPOO_2024,745,PUBLIC_BENCHMARK,1.0,5.17,0.0,11.73,0.0,0.0,0.0,0.0,0.0,0.0,0.0,0.0,0.0,0.0,0.0,0.0,0.9,0.0,2.37,79.83,16.9,0.6941,0.9,2.37,viscosity_at_100s,4.471,0.063,mPa.s,96.968,NEWTONIAN,VERY-LOW
3a195870782e6fd87bdd7499cbb4fe201d025b2cda05f9eee9fb9477f34b58bd,NATURE_812_SHAMPOO_2024,746,PUBLIC_BENCHMARK,1.0,0.0,0.0,11.61,7.64,0.0,0.0,0.0,0.0,0.0,0.0,0.0,0.0,0.0,0.0,0.0,2.01,0.0,1.61,77.13,19.25,0.6031,2.01,1.61,viscosity_at_100s,4.611,0.031,mPa.s,96.968,NEWTONIAN,VERY-LOW
3a195870782e6fd87bdd7499cbb4fe201d025b2cda05f9eee9fb9477f34b58bd,NATURE_812_SHAMPOO_2024,747,PUBLIC_BENCHMARK,1.0,0.0,12.63,0.0,0.0,0.0,10.74,0.0,0.0,0.0,0.0,0.0,0.0,0.0,0.0,0.0,2.71,0.0,2.81,71.11,23.37,0.5404,2.71,2.81,viscosity_at_100s,9.15,0.096,mPa.s,96.968,NEWTONIAN,VERY-LOW
3a195870782e6fd87bdd7499cbb4fe201d025b2cda05f9eee9fb9477f34b58bd,NATURE_812_SHAMPOO_2024,748,PUBLIC_BENCHMARK,1.0,0.0,12.94,0.0,9.98,0.0,0.0,0.0,0.0,0.0,0.0,0.0,0.0,0.0,0.0,0.0,1.58,0.0,2.68,72.82,22.92,0.5646,1.58,2.68,viscosity_at_100s,7.128,0.318,mPa.s,96.968,NEWTONIAN,VERY-LOW
3a195870782e6fd87bdd7499cbb4fe201d025b2cda05f9eee9fb9477f34b58bd,NATURE_812_SHAMPOO_2024,749,PUBLIC_BENCHMARK,1.0,0.0,0.0,8.7,0.0,0.0,0.0,0.0,0.0,0.0,12.46,0.0,0.0,0.0,0.0,0.0,1.29,0.0,2.93,74.62,21.16,0.5888,1.29,2.93,viscosity_at_100s,10.502,0.189,mPa.s,96.968,NEWTONIAN,LOW
3a195870782e6fd87bdd7499cbb4fe201d025b2cda05f9eee9fb9477f34b58bd,NATURE_812_SHAMPOO_2024,751,PUBLIC_BENCHMARK,1.0,0.0,11.5,0.0,7.07,0.0,0.0,0.0,0.0,0.0,0.0,0.0,0.0,0.0,0.0,2.84,0.0,0.0,2.75,75.84,18.57,0.6193,2.84,2.75,viscosity_at_100s,6.639,0.021,mPa.s,96.968,NEWTONIAN,VERY-LOW
3a195870782e6fd87bdd7499cbb4fe201d025b2cda05f9eee9fb9477f34b58bd,NATURE_812_SHAMPOO_2024,752,PUBLIC_BENCHMARK,1.0,0.0,0.0,0.0,0.0,0.0,0.0,8.53,0.0,12.18,0.0,0.0,0.0,0.0,0.0,2.41,0.0,0.0,4.25,72.63,20.71,0.5881,2.41,4.25,viscosity_at_100s,72.908,9.801,mPa.s,96.968,OTHER,HIGH
3a195870782e6fd87bdd7499cbb4fe201d025b2cda05f9eee9fb9477f34b58bd,NATURE_812_SHAMPOO_2024,754,PUBLIC_BENCHMARK,1.0,0.0,9.63,0.0,0.0,0.0,0.0,0.0,0.0,0.0,9.79,0.0,0.0,0.0,0.0,2.26,0.0,0.0,2.9,75.42,19.42,0.5041,2.26,2.9,viscosity_at_100s,3.356,0.08,mPa.s,96.968,NEWTONIAN,VERY-LOW
3a195870782e6fd87bdd7499cbb4fe201d025b2cda05f9eee9fb9477f34b58bd,NATURE_812_SHAMPOO_2024,756,PUBLIC_BENCHMARK,1.0,0.0,12.58,0.0,0.0,0.0,0.0,8.29,0.0,0.0,0.0,0.0,0.0,0.0,0.0,2.53,0.0,0.0,3.56,73.04,20.87,0.6028,2.53,3.56,viscosity_at_100s,5.085,0.288,mPa.s,96.968,NEWTONIAN,VERY-LOW
3a195870782e6fd87bdd7499cbb4fe201d025b2cda05f9eee9fb9477f34b58bd,NATURE_812_SHAMPOO_2024,759,PUBLIC_BENCHMARK,1.0,0.0,8.78,0.0,0.0,0.0,0.0,0.0,9.23,0.0,0.0,0.0,0.0,0.0,0.0,2.73,0.0,0.0,4.21,75.05,18.01,0.5125,2.73,4.21,viscosity_at_100s,1686.98,55.112,mPa.s,96.968,SHEAR-THIN,HIGH
3a195870782e6fd87bdd7499cbb4fe201d025b2cda05f9eee9fb9477f34b58bd,NATURE_812_SHAMPOO_2024,761,PUBLIC_BENCHMARK,1.0,9.52,0.0,0.0,0.0,0.0,0.0,0.0,0.0,0.0,12.13,0.0,0.0,0.0,0.0,2.83,0.0,0.0,2.45,73.07,21.65,0.5603,2.83,2.45,viscosity_at_100s,4.994,0.167,mPa.s,96.968,NEWTONIAN,VERY-LOW
3a195870782e6fd87bdd7499cbb4fe201d025b2cda05f9eee9fb9477f34b58bd,NATURE_812_SHAMPOO_2024,765,PUBLIC_BENCHMARK,1.0,9.71,0.0,0.0,0.0,0.0,0.0,0.0,0.0,11.72,0.0,0.0,0.0,0.0,0.0,1.92,0.0,0.0,1.46,75.19,21.43,0.5469,1.92,1.46,viscosity_at_100s,120.72,0.766,mPa.s,96.968,SHEAR-THIN,MEDIUM
3a195870782e6fd87bdd7499cbb4fe201d025b2cda05f9eee9fb9477f34b58bd,NATURE_812_SHAMPOO_2024,766,PUBLIC_BENCHMARK,1.0,0.0,0.0,0.0,0.0,0.0,0.0,0.0,5.97,0.0,0.0,12.76,0.0,0.0,0.0,1.5,0.0,0.0,3.45,76.32,18.73,0.6813,1.5,3.45,viscosity_at_100s,5.752,0.121,mPa.s,96.968,NEWTONIAN,VERY-LOW
3a195870782e6fd87bdd7499cbb4fe201d025b2cda05f9eee9fb9477f34b58bd,NATURE_812_SHAMPOO_2024,767,PUBLIC_BENCHMARK,1.0,0.0,0.0,0.0,10.39,0.0,0.0,0.0,0.0,0.0,0.0,0.0,13.08,0.0,0.0,2.31,0.0,0.0,4.15,70.07,23.47,0.5573,2.31,4.15,viscosity_at_100s,3429.57,215.194,mPa.s,96.968,SHEAR-THIN,HIGH
3a195870782e6fd87bdd7499cbb4fe201d025b2cda05f9eee9fb9477f34b58bd,NATURE_812_SHAMPOO_2024,774,PUBLIC_BENCHMARK,1.0,0.0,0.0,8.98,0.0,0.0,0.0,0.0,10.76,0.0,0.0,0.0,0.0,0.0,0.0,3.16,0.0,0.0,2.7,74.4,19.74,0.5451,3.16,2.7,viscosity_at_100s,42.308,0.6,mPa.s,96.968,NEWTONIAN,LOW
3a195870782e6fd87bdd7499cbb4fe201d025b2cda05f9eee9fb9477f34b58bd,NATURE_812_SHAMPOO_2024,775,PUBLIC_BENCHMARK,1.0,0.0,0.0,0.0,0.0,0.0,0.0,0.0,9.98,0.0,13.04,0.0,0.0,0.0,0.0,2.78,0.0,0.0,1.04,73.16,23.02,0.5665,2.78,1.04,viscosity_at_100s,2.85,0.1863,mPa.s,96.955,NEWTONIAN,VERY-LOW
3a195870782e6fd87bdd7499cbb4fe201d025b2cda05f9eee9fb9477f34b58bd,NATURE_812_SHAMPOO_2024,778,PUBLIC_BENCHMARK,1.0,7.73,0.0,0.0,0.0,8.85,0.0,0.0,0.0,0.0,0.0,0.0,0.0,0.0,0.0,2.78,0.0,0.0,1.94,78.7,16.58,0.5338,2.78,1.94,viscosity_at_100s,61.19,3.6299,mPa.s,96.953,SHEAR-THIN,LOW
3a195870782e6fd87bdd7499cbb4fe201d025b2cda05f9eee9fb9477f34b58bd,NATURE_812_SHAMPOO_2024,779,PUBLIC_BENCHMARK,1.0,0.0,0.0,10.48,0.0,0.0,0.0,0.0,0.0,0.0,13.33,0.0,0.0,0.0,0.0,1.41,0.0,0.0,2.72,72.06,23.81,0.5598,1.41,2.72,viscosity_at_100s,11.27,0.1914,mPa.s,96.963,NEWTONIAN,LOW
3a195870782e6fd87bdd7499cbb4fe201d025b2cda05f9eee9fb9477f34b58bd,NATURE_812_SHAMPOO_2024,785,PUBLIC_BENCHMARK,1.0,0.0,12.39,0.0,0.0,0.0,0.0,0.0,0.0,12.57,0.0,0.0,0.0,0.0,0.0,1.32,0.0,0.0,3.81,69.91,24.96,0.5036,1.32,3.81,viscosity_at_100s,158.47,4.7,mPa.s,96.944,NEWTONIAN,MEDIUM
3a195870782e6fd87bdd7499cbb4fe201d025b2cda05f9eee9fb9477f34b58bd,NATURE_812_SHAMPOO_2024,788,PUBLIC_BENCHMARK,1.0,15.21,0.0,0.0,0.0,0.0,0.0,0.0,6.1,0.0,0.0,0.0,0.0,0.0,0.0,1.41,0.0,0.0,4.6,72.68,21.31,0.7137,1.41,4.6,viscosity_at_100s,1270.907,144.076,mPa.s,96.968,OTHER,HIGH
3a195870782e6fd87bdd7499cbb4fe201d025b2cda05f9eee9fb9477f34b58bd,NATURE_812_SHAMPOO_2024,789,PUBLIC_BENCHMARK,1.0,0.0,0.0,10.08,0.0,0.0,12.41,0.0,0.0,0.0,0.0,0.0,0.0,0.0,0.0,2.54,0.0,0.0,2.26,72.71,22.49,0.5518,2.54,2.26,viscosity_at_100s,14.643,0.119,mPa.s,96.968,NEWTONIAN,LOW
3a195870782e6fd87bdd7499cbb4fe201d025b2cda05f9eee9fb9477f34b58bd,NATURE_812_SHAMPOO_2024,791,PUBLIC_BENCHMARK,1.0,0.0,0.0,0.0,0.0,10.97,0.0,0.0,0.0,9.24,0.0,0.0,0.0,0.0,0.0,2.31,0.0,0.0,1.62,75.86,20.21,0.5428,2.31,1.62,viscosity_at_100s,91.005,1.977,mPa.s,96.968,SHEAR-THIN,MEDIUM
3a195870782e6fd87bdd7499cbb4fe201d025b2cda05f9eee9fb9477f34b58bd,NATURE_812_SHAMPOO_2024,795,PUBLIC_BENCHMARK,1.0,0.0,0.0,0.0,0.0,11.81,0.0,0.0,0.0,0.0,0.0,8.44,0.0,0.0,0.0,2.91,0.0,0.0,1.87,74.97,20.25,0.5832,2.91,1.87,viscosity_at_100s,448.267,8.039,mPa.s,96.968,SHEAR-THIN,MEDIUM
3a195870782e6fd87bdd7499cbb4fe201d025b2cda05f9eee9fb9477f34b58bd,NATURE_812_SHAMPOO_2024,796,PUBLIC_BENCHMARK,1.0,0.0,10.11,0.0,0.0,0.0,8.68,0.0,0.0,0.0,0.0,0.0,0.0,0.0,0.0,1.34,0.0,0.0,2.77,77.1,18.79,0.5381,1.34,2.77,viscosity_at_100s,8.579,0.347,mPa.s,96.968,NEWTONIAN,VERY-LOW
3a195870782e6fd87bdd7499cbb4fe201d025b2cda05f9eee9fb9477f34b58bd,NATURE_812_SHAMPOO_2024,797,PUBLIC_BENCHMARK,1.0,0.0,0.0,0.0,7.43,9.92,0.0,0.0,0.0,0.0,0.0,0.0,0.0,0.0,0.0,1.71,0.0,0.0,4.32,76.62,17.35,0.5718,1.71,4.32,viscosity_at_100s,236.054,3.004,mPa.s,96.968,SHEAR-THIN,MEDIUM
3a195870782e6fd87bdd7499cbb4fe201d025b2cda05f9eee9fb9477f34b58bd,NATURE_812_SHAMPOO_2024,798,PUBLIC_BENCHMARK,1.0,0.0,0.0,7.64,0.0,0.0,0.0,0.0,0.0,8.53,0.0,0.0,0.0,0.0,0.0,2.26,0.0,0.0,2.66,78.91,16.17,0.5275,2.26,2.66,viscosity_at_100s,8.406,0.221,mPa.s,96.968,NEWTONIAN,VERY-LOW
3a195870782e6fd87bdd7499cbb4fe201d025b2cda05f9eee9fb9477f34b58bd,NATURE_812_SHAMPOO_2024,801,PUBLIC_BENCHMARK,1.0,10.18,0.0,0.0,11.11,0.0,0.0,0.0,0.0,0.0,0.0,0.0,0.0,0.0,0.0,1.41,0.0,0.0,1.59,75.71,21.29,0.5218,1.41,1.59,viscosity_at_100s,454.446,16.127,mPa.s,96.968,SHEAR-THIN,MEDIUM
3a195870782e6fd87bdd7499cbb4fe201d025b2cda05f9eee9fb9477f34b58bd,NATURE_812_SHAMPOO_2024,802,PUBLIC_BENCHMARK,1.0,0.0,0.0,0.0,0.0,0.0,0.0,11.89,12.18,0.0,0.0,0.0,0.0,0.0,0.0,3.09,0.0,0.0,3.39,69.45,24.07,0.506,3.09,3.39,viscosity_at_100s,35.432,2.897,mPa.s,96.968,SHEAR-THIN,HIGH
3a195870782e6fd87bdd7499cbb4fe201d025b2cda05f9eee9fb9477f34b58bd,NATURE_812_SHAMPOO_2024,803,PUBLIC_BENCHMARK,1.0,0.0,0.0,0.0,0.0,0.0,0.0,12.41,0.0,7.92,0.0,0.0,0.0,0.0,0.0,2.3,0.0,0.0,1.43,75.94,20.33,0.6104,2.3,1.43,viscosity_at_100s,6.265,0.143,mPa.s,96.968,NEWTONIAN,VERY-LOW
3a195870782e6fd87bdd7499cbb4fe201d025b2cda05f9eee9fb9477f34b58bd,NATURE_812_SHAMPOO_2024,805,PUBLIC_BENCHMARK,1.0,0.0,0.0,10.94,0.0,0.0,0.0,13.2,0.0,0.0,0.0,0.0,0.0,0.0,0.0,1.99,0.0,0.0,1.6,72.27,24.14,0.5468,1.99,1.6,viscosity_at_100s,4.114,0.09,mPa.s,96.968,NEWTONIAN,VERY-LOW
3a195870782e6fd87bdd7499cbb4fe201d025b2cda05f9eee9fb9477f34b58bd,NATURE_812_SHAMPOO_2024,809,PUBLIC_BENCHMARK,1.0,0.0,11.5,8.82,0.0,0.0,0.0,0.0,0.0,0.0,0.0,0.0,0.0,0.0,0.0,1.42,0.0,0.0,2.35,75.91,20.32,0.5659,1.42,2.35,viscosity_at_100s,9.181,0.053,mPa.s,96.968,NEWTONIAN,VERY-LOW
3a195870782e6fd87bdd7499cbb4fe201d025b2cda05f9eee9fb9477f34b58bd,NATURE_812_SHAMPOO_2024,810,PUBLIC_BENCHMARK,1.0,10.05,0.0,0.0,0.0,0.0,0.0,0.0,0.0,0.0,0.0,11.64,0.0,0.0,0.0,2.25,0.0,0.0,1.36,74.7,21.69,0.5367,2.25,1.36,viscosity_at_100s,45.15,0.509,mPa.s,96.968,SHEAR-THIN,MEDIUM
3a195870782e6fd87bdd7499cbb4fe201d025b2cda05f9eee9fb9477f34b58bd,NATURE_812_SHAMPOO_2024,812,PUBLIC_BENCHMARK,1.0,0.0,0.0,9.4,0.0,0.0,0.0,0.0,0.0,10.04,0.0,0.0,0.0,0.0,0.0,2.99,0.0,0.0,1.62,75.95,19.44,0.5165,2.99,1.62,viscosity_at_100s,4.226,0.082,mPa.s,96.968,NEWTONIAN,VERY-LOW
3a195870782e6fd87bdd7499cbb4fe201d025b2cda05f9eee9fb9477f34b58bd,NATURE_812_SHAMPOO_2024,813,PUBLIC_BENCHMARK,1.0,0.0,0.0,0.0,0.0,0.0,0.0,0.0,0.0,8.28,0.0,0.0,12.23,0.0,0.0,1.75,0.0,0.0,3.01,74.73,20.51,0.5963,1.75,3.01,viscosity_at_100s,1450.05,30.674,mPa.s,96.968,SHEAR-THIN,HIGH
3a195870782e6fd87bdd7499cbb4fe201d025b2cda05f9eee9fb9477f34b58bd,NATURE_812_SHAMPOO_2024,820,PUBLIC_BENCHMARK,1.0,0.0,0.0,12.27,0.0,8.79,0.0,0.0,0.0,0.0,0.0,0.0,0.0,0.0,0.0,1.95,0.0,0.0,2.46,74.53,21.06,0.5826,1.95,2.46,viscosity_at_100s,17.041,0.064,mPa.s,96.968,NEWTONIAN,LOW
3a195870782e6fd87bdd7499cbb4fe201d025b2cda05f9eee9fb9477f34b58bd,NATURE_812_SHAMPOO_2024,822,PUBLIC_BENCHMARK,1.0,0.0,0.0,12.09,0.0,0.0,0.0,12.02,0.0,0.0,0.0,0.0,0.0,0.0,0.0,2.75,0.0,0.0,0.26,72.88,24.11,0.5015,2.75,0.26,viscosity_at_100s,3.224,0.037,mPa.s,96.968,NEWTONIAN,VERY-LOW
